ID,Title,TitleWithCountSingular,TitleWithCountPlural,HeaderSingular,HeaderPlural,MetaDescSingular,MetaDescPlural,LinkText,BreadcrumbLinkText,LinkboxLinkText,TopLinkboxLinkText
58640,Landwirtschaft kaufen{geo_label} | immowelt,Landwirtschaft kaufen{geo_label}{count_label}{price_label} | immowelt,Landwirtschaft kaufen{geo_label}{count_label}{price_label} | immowelt,Landwirtschaftsfläche kaufen{geo_label},Landwirtschaftsflächen kaufen{geo_label},Landwirtschaft kaufen{geo_label} leicht gemacht - bei immowelt findest du eine große Auswahl an aktuellen Angeboten. Jetzt loslegen!,Landwirtschaft kaufen{geo_label} leicht gemacht - bei immowelt findest du eine große Auswahl an aktuellen Angeboten. Jetzt loslegen!,Landwirtschaft kaufen{geo_label}{count_label},Landwirtschaft zum Kauf{geo_label},Landwirtschaft kaufen{geo_label}{count_label},
45430,Bauernhof kaufen{geo_label} | immowelt,Bauernhof kaufen{geo_label}{count_label}{price_label} | immowelt,Bauernhof kaufen{geo_label}{count_label}{price_label} | immowelt,Bauernhof kaufen{geo_label},Bauernhöfe kaufen{geo_label},Bauernhof kaufen{geo_label} leicht gemacht - bei immowelt findest du eine große Auswahl an aktuellen Angeboten. Jetzt loslegen!,Bauernhof kaufen{geo_label} leicht gemacht - bei immowelt findest du eine große Auswahl an aktuellen Angeboten. Jetzt loslegen!,Bauernhof kaufen{geo_label}{count_label},Bauernhof zum Kauf{geo_label},Bauernhof kaufen{geo_label}{count_label},
31816,Forstwirtschaft kaufen{geo_label} | immowelt,Forstwirtschaft kaufen{geo_label}{count_label}{price_label} | immowelt,Forstwirtschaft kaufen{geo_label}{count_label}{price_label} | immowelt,Forstwirtschaft kaufen{geo_label},Forstwirtschaften kaufen{geo_label},Forstwirtschaft kaufen{geo_label} leicht gemacht - bei immowelt findest du eine große Auswahl an aktuellen Angeboten. Jetzt loslegen!,Forstwirtschaft kaufen{geo_label} leicht gemacht - bei immowelt findest du eine große Auswahl an aktuellen Angeboten. Jetzt loslegen!,Forstwirtschaft kaufen{geo_label}{count_label},Forstwirtschaft zum Kauf{geo_label},Forstwirtschaft kaufen{geo_label}{count_label},
92072,Reiterhof kaufen{geo_label} | immowelt,Reiterhof kaufen{geo_label}{count_label}{price_label} | immowelt,Reiterhof kaufen{geo_label}{count_label}{price_label} | immowelt,Reiterhof kaufen{geo_label},Reiterhöfe kaufen{geo_label},Reiterhof kaufen{geo_label} leicht gemacht - bei immowelt findest du eine große Auswahl an aktuellen Angeboten. Jetzt loslegen!,Reiterhof kaufen{geo_label} leicht gemacht - bei immowelt findest du eine große Auswahl an aktuellen Angeboten. Jetzt loslegen!,Reiterhof kaufen{geo_label}{count_label},Reiterhof zum Kauf{geo_label},Reiterhof kaufen{geo_label}{count_label},
97990,Weingut kaufen{geo_label} | immowelt,Weingut kaufen{geo_label}{count_label}{price_label} | immowelt,Weingut kaufen{geo_label}{count_label}{price_label} | immowelt,Weingut kaufen{geo_label},Weingüter kaufen{geo_label},Weingut kaufen{geo_label} leicht gemacht - bei immowelt findest du eine große Auswahl an aktuellen Angeboten. Jetzt loslegen!,Weingut kaufen{geo_label} leicht gemacht - bei immowelt findest du eine große Auswahl an aktuellen Angeboten. Jetzt loslegen!,Weingut kaufen{geo_label}{count_label},Weingut zum Kauf{geo_label},Weingut kaufen{geo_label}{count_label},
74434,Wohnung kaufen{geo_label} | immowelt,Wohnung kaufen{geo_label}{count_label}{price_label} | immowelt,Wohnung kaufen{geo_label}{count_label}{price_label} | immowelt,Wohnung kaufen{geo_label},Wohnungen kaufen{geo_label},Wohnung kaufen{geo_label} leicht gemacht - bei immowelt findest du eine große Auswahl an aktuellen Angeboten. Jetzt loslegen!,Wohnung kaufen{geo_label} leicht gemacht - bei immowelt findest du eine große Auswahl an aktuellen Angeboten. Jetzt loslegen!,Wohnung kaufen{geo_label}{count_label},Wohnung zum Kauf{geo_label},Wohnung kaufen{geo_label}{count_label},Wohnung
72243,Wohnung mit Balkon kaufen{geo_label} | immowelt,Wohnung mit Balkon kaufen{geo_label}{count_label}{price_label} | immowelt,Wohnung mit Balkon kaufen{geo_label}{count_label}{price_label} | immowelt,Wohnung mit Balkon kaufen{geo_label},Wohnungen mit Balkon kaufen{geo_label},Wohnung mit Balkon kaufen{geo_label} leicht gemacht - bei immowelt findest du eine große Auswahl an aktuellen Angeboten. Jetzt loslegen!,Wohnung mit Balkon kaufen{geo_label} leicht gemacht - bei immowelt findest du eine große Auswahl an aktuellen Angeboten. Jetzt loslegen!,Wohnung mit Balkon kaufen{geo_label}{count_label},Wohnung mit Balkon zum Kauf{geo_label},Wohnung mit Balkon kaufen{geo_label}{count_label},mit Balkon
84527,Wohnung mit Keller kaufen{geo_label} | immowelt,Wohnung mit Keller kaufen{geo_label}{count_label}{price_label} | immowelt,Wohnung mit Keller kaufen{geo_label}{count_label}{price_label} | immowelt,Wohnung mit Keller kaufen{geo_label},Wohnungen mit Keller kaufen{geo_label},Wohnung mit Keller kaufen{geo_label} leicht gemacht - bei immowelt findest du eine große Auswahl an aktuellen Angeboten. Jetzt loslegen!,Wohnung mit Keller kaufen{geo_label} leicht gemacht - bei immowelt findest du eine große Auswahl an aktuellen Angeboten. Jetzt loslegen!,Wohnung mit Keller kaufen{geo_label}{count_label},Wohnung mit Keller zum Kauf{geo_label},Wohnung mit Keller kaufen{geo_label}{count_label},
35382,Günstige Wohnung kaufen{geo_label} | immowelt,Günstige Wohnung kaufen{geo_label}{count_label}{price_label} | immowelt,Günstige Wohnung kaufen{geo_label}{count_label}{price_label} | immowelt,Günstige Wohnung kaufen{geo_label},Günstige Wohnungen kaufen{geo_label},Günstige Wohnung kaufen{geo_label} leicht gemacht - bei immowelt findest du eine große Auswahl an aktuellen Angeboten. Jetzt loslegen!,Günstige Wohnung kaufen{geo_label} leicht gemacht - bei immowelt findest du eine große Auswahl an aktuellen Angeboten. Jetzt loslegen!,Günstige Wohnung kaufen{geo_label}{count_label},Günstige Wohnung zum Kauf{geo_label},Günstige Wohnung kaufen{geo_label}{count_label},
23871,Provisionsfreie Wohnung kaufen{geo_label} | immowelt,Provisionsfreie Wohnung kaufen{geo_label}{count_label}{price_label} | immowelt,Provisionsfreie Wohnung kaufen{geo_label}{count_label}{price_label} | immowelt,Provisionsfreie Wohnung kaufen{geo_label},Provisionsfreie Wohnungen kaufen{geo_label},Provisionsfreie Wohnung kaufen{geo_label} leicht gemacht - bei immowelt findest du eine große Auswahl an aktuellen Angeboten. Jetzt loslegen!,Provisionsfreie Wohnungen kaufen{geo_label} leicht gemacht - bei immowelt findest du eine große Auswahl an aktuellen Angeboten. Jetzt loslegen!,Provisionsfreie Wohnung kaufen{geo_label}{count_label},Provisionsfreie Wohnung zum Kauf{geo_label},Provisionsfreie Wohnung kaufen{geo_label}{count_label},
47114,Wohnung mit Garten kaufen{geo_label} | immowelt,Wohnung mit Garten kaufen{geo_label}{count_label}{price_label} | immowelt,Wohnung mit Garten kaufen{geo_label}{count_label}{price_label} | immowelt,Wohnung mit Garten kaufen{geo_label},Wohnungen mit Garten kaufen{geo_label},Wohnung mit Garten kaufen{geo_label} leicht gemacht - bei immowelt findest du eine große Auswahl an aktuellen Angeboten. Jetzt loslegen!,Wohnung mit Garten kaufen{geo_label} leicht gemacht - bei immowelt findest du eine große Auswahl an aktuellen Angeboten. Jetzt loslegen!,Wohnung mit Garten kaufen{geo_label}{count_label},Wohnung mit Garten zum Kauf{geo_label},Wohnung mit Garten kaufen{geo_label}{count_label},
31942,Erdgeschosswohnung kaufen{geo_label} | immowelt,Erdgeschosswohnung kaufen{geo_label}{count_label}{price_label} | immowelt,Erdgeschosswohnung kaufen{geo_label}{count_label}{price_label} | immowelt,Erdgeschosswohnung kaufen{geo_label},Erdgeschosswohnungen kaufen{geo_label},Erdgeschosswohnung kaufen{geo_label} leicht gemacht - bei immowelt findest du eine große Auswahl an aktuellen Angeboten. Jetzt loslegen!,Erdgeschosswohnung kaufen{geo_label} leicht gemacht - bei immowelt findest du eine große Auswahl an aktuellen Angeboten. Jetzt loslegen!,Erdgeschosswohnung kaufen{geo_label}{count_label},Erdgeschosswohnung zum Kauf{geo_label},Erdgeschosswohnung kaufen{geo_label}{count_label},
69083,Altbauwohnung kaufen{geo_label} | immowelt,Altbauwohnung kaufen{geo_label}{count_label}{price_label} | immowelt,Altbauwohnung kaufen{geo_label}{count_label}{price_label} | immowelt,Altbauwohnung kaufen{geo_label},Altbauwohnungen kaufen{geo_label},Altbauwohnung kaufen{geo_label} leicht gemacht - bei immowelt findest du eine große Auswahl an aktuellen Angeboten. Jetzt loslegen!,Altbauwohnung kaufen{geo_label} leicht gemacht - bei immowelt findest du eine große Auswahl an aktuellen Angeboten. Jetzt loslegen!,Altbauwohnung kaufen{geo_label}{count_label},Altbauwohnung zum Kauf{geo_label},Altbauwohnung kaufen{geo_label}{count_label},
49766,Neubauwohnung kaufen{geo_label} | immowelt,Neubauwohnung kaufen{geo_label}{count_label}{price_label} | immowelt,Neubauwohnung kaufen{geo_label}{count_label}{price_label} | immowelt,Neubauwohnung kaufen{geo_label},Neubauwohnungen kaufen{geo_label},Neubauwohnung kaufen{geo_label} leicht gemacht - bei immowelt findest du eine große Auswahl an aktuellen Angeboten. Jetzt loslegen!,Neubauwohnung kaufen{geo_label} leicht gemacht - bei immowelt findest du eine große Auswahl an aktuellen Angeboten. Jetzt loslegen!,Neubauwohnung kaufen{geo_label}{count_label},Neubauwohnung zum Kauf{geo_label},Neubauwohnung kaufen{geo_label}{count_label},Neubau\u00ADwohnung
42649,Wohnung mit Garage kaufen{geo_label} | immowelt,Wohnung mit Garage kaufen{geo_label}{count_label}{price_label} | immowelt,Wohnung mit Garage kaufen{geo_label}{count_label}{price_label} | immowelt,Wohnung mit Garage kaufen{geo_label},Wohnungen mit Garage kaufen{geo_label},Wohnung mit Garage kaufen{geo_label} leicht gemacht - bei immowelt findest du eine große Auswahl an aktuellen Angeboten. Jetzt loslegen!,Wohnung mit Garage kaufen{geo_label} leicht gemacht - bei immowelt findest du eine große Auswahl an aktuellen Angeboten. Jetzt loslegen!,Wohnung mit Garage kaufen{geo_label}{count_label},Wohnung mit Garage zum Kauf{geo_label},Wohnung mit Garage kaufen{geo_label}{count_label},
64472,Wohnung von privat kaufen{geo_label} | immowelt,Wohnung von privat kaufen{geo_label}{count_label}{price_label} | immowelt,Wohnung von privat kaufen{geo_label}{count_label}{price_label} | immowelt,Wohnung von privat kaufen{geo_label},Wohnungen von privat kaufen{geo_label},Wohnung von privat kaufen{geo_label} leicht gemacht - bei immowelt findest du eine große Auswahl an aktuellen Angeboten. Jetzt loslegen!,Wohnung von privat kaufen{geo_label} leicht gemacht - bei immowelt findest du eine große Auswahl an aktuellen Angeboten. Jetzt loslegen!,Wohnung von privat kaufen{geo_label}{count_label},Wohnung von privat zum Kauf{geo_label},Wohnung von privat kaufen{geo_label}{count_label},provisionsfrei
92930,Behindertengerechte Wohnung kaufen{geo_label} | immowelt,Behindertengerechte Wohnung kaufen{geo_label}{count_label}{price_label} | immowelt,Behindertengerechte Wohnung kaufen{geo_label}{count_label}{price_label} | immowelt,Behindertengerechte Wohnung kaufen{geo_label},Behindertengerechte Wohnungen kaufen{geo_label},Behindertengerechte Wohnung kaufen{geo_label} leicht gemacht - bei immowelt findest du eine große Auswahl an aktuellen Angeboten. Jetzt loslegen!,Behindertengerechte Wohnung kaufen{geo_label} leicht gemacht - bei immowelt findest du eine große Auswahl an aktuellen Angeboten. Jetzt loslegen!,Behindertengerechte Wohnung kaufen{geo_label}{count_label},Behindertengerechte Wohnung zum Kauf{geo_label},Behindertengerechte Wohnung kaufen{geo_label}{count_label},
59408,Dachgeschosswohnung kaufen{geo_label} | immowelt,Dachgeschosswohnung kaufen{geo_label}{count_label}{price_label} | immowelt,Dachgeschosswohnung kaufen{geo_label}{count_label}{price_label} | immowelt,Dachgeschosswohnung kaufen{geo_label},Dachgeschosswohnungen kaufen{geo_label},Dachgeschosswohnung kaufen{geo_label} leicht gemacht - bei immowelt findest du eine große Auswahl an aktuellen Angeboten. Jetzt loslegen!,Dachgeschosswohnung kaufen{geo_label} leicht gemacht - bei immowelt findest du eine große Auswahl an aktuellen Angeboten. Jetzt loslegen!,Dachgeschosswohnung kaufen{geo_label}{count_label},Dachgeschosswohnung zum Kauf{geo_label},Dachgeschosswohnung kaufen{geo_label}{count_label},
49002,Renovierungsbedürftige Wohnung kaufen{geo_label} | immowelt,Renovierungsbedürftige Wohnung kaufen{geo_label}{count_label}{price_label} | immowelt,Renovierungsbedürftige Wohnung kaufen{geo_label}{count_label}{price_label} | immowelt,Renovierungsbedürftige Wohnung kaufen{geo_label},Renovierungsbedürftige Wohnungen kaufen{geo_label},Renovierungsbedürftige Wohnung kaufen{geo_label} leicht gemacht - bei immowelt findest du eine große Auswahl an aktuellen Angeboten. Jetzt loslegen!,Renovierungsbedürftige Wohnung kaufen{geo_label} leicht gemacht - bei immowelt findest du eine große Auswahl an aktuellen Angeboten. Jetzt loslegen!,Renovierungsbedürftige Wohnung kaufen{geo_label}{count_label},Renovierungsbedürftige Wohnung zum Kauf{geo_label},Renovierungsbedürftige Wohnung kaufen{geo_label}{count_label},
18293,Eigentumswohnung als Kapitalanlage kaufen{geo_label} | immowelt,Eigentumswohnung als Kapitalanlage kaufen{geo_label}{count_label}{price_label} | immowelt,Eigentumswohnung als Kapitalanlage kaufen{geo_label}{count_label}{price_label} | immowelt,Eigentumswohnung als Kapitalanlage kaufen{geo_label},Eigentumswohnungen als Kapitalanlage kaufen{geo_label},Eigentumswohnung als Kapitalanlage kaufen{geo_label} leicht gemacht - bei immowelt findest du eine große Auswahl an aktuellen Angeboten. Jetzt loslegen!,Eigentumswohnung als Kapitalanlage kaufen{geo_label} leicht gemacht - bei immowelt findest du eine große Auswahl an aktuellen Angeboten. Jetzt loslegen!,Eigentumswohnung als Kapitalanlage kaufen{geo_label}{count_label},Eigentumswohnung als Kapitalanlage zum Kauf{geo_label},Eigentumswohnung als Kapitalanlage kaufen{geo_label}{count_label},
65710,"1 - 1,5-Zimmer Wohnung kaufen{geo_label} | immowelt","Wohnung kaufen 1 - 1,5-Zimmer{geo_label}{count_label}{price_label} | immowelt","1 - 1,5-Zimmer Wohnung kaufen{geo_label}{count_label}{price_label} | immowelt","Angebot für 1 - 1,5-Zimmer Wohnungen kaufen{geo_label}","Angebote für 1 - 1,5-Zimmer Wohnungen kaufen{geo_label}","1 bis 1,5-Zimmer Wohnung kaufen{geo_label} leicht gemacht - bei immowelt findest du eine große Auswahl an aktuellen Angeboten. Jetzt loslegen!","1 bis 1,5-Zimmer Wohnung kaufen{geo_label} leicht gemacht - bei immowelt findest du eine große Auswahl an aktuellen Angeboten. Jetzt loslegen!",1-Zimmer-Wohnung kaufen{geo_label}{count_label},1 Zimmer Wohnung zum Kauf{geo_label},1-Zimmer-Wohnung kaufen{geo_label}{count_label},1-Zimmer
41195,"2 - 2,5-Zimmer Wohnung kaufen{geo_label} | immowelt","Wohnung kaufen 2 - 2,5-Zimmer{geo_label}{count_label}{price_label} | immowelt","2 - 2,5-Zimmer Wohnung kaufen{geo_label}{count_label}{price_label} | immowelt","Angebot für 2 - 2,5-Zimmer Wohnungen kaufen{geo_label}","Angebote für 2 - 2,5-Zimmer Wohnungen kaufen{geo_label}","2 bis 2,5-Zimmer Wohnung kaufen{geo_label} leicht gemacht - bei immowelt findest du eine große Auswahl an aktuellen Angeboten. Jetzt loslegen!","2 bis 2,5-Zimmer Wohnung kaufen{geo_label} leicht gemacht - bei immowelt findest du eine große Auswahl an aktuellen Angeboten. Jetzt loslegen!",2-Zimmer-Wohnung kaufen{geo_label}{count_label},2 Zimmer Wohnung zum Kauf{geo_label},2-Zimmer-Wohnung kaufen{geo_label}{count_label},2-Zimmer
52401,"3 - 3,5-Zimmer Wohnung kaufen{geo_label} | immowelt","Wohnung kaufen 3 - 3,5-Zimmer{geo_label}{count_label}{price_label} | immowelt","3 - 3,5-Zimmer Wohnung kaufen{geo_label}{count_label}{price_label} | immowelt","Angebot für 3 - 3,5-Zimmer Wohnungen kaufen{geo_label}","Angebote für 3 - 3,5-Zimmer Wohnungen kaufen{geo_label}","3 bis 3,5-Zimmer Wohnung kaufen{geo_label} leicht gemacht - bei immowelt findest du eine große Auswahl an aktuellen Angeboten. Jetzt loslegen!","3 bis 3,5-Zimmer Wohnung kaufen{geo_label} leicht gemacht - bei immowelt findest du eine große Auswahl an aktuellen Angeboten. Jetzt loslegen!",3-Zimmer-Wohnung kaufen{geo_label}{count_label},3 Zimmer Wohnung zum Kauf{geo_label},3-Zimmer-Wohnung kaufen{geo_label}{count_label},3-Zimmer
12127,"4 - 4,5-Zimmer Wohnung kaufen{geo_label} | immowelt","Wohnung kaufen 4 - 4,5-Zimmer{geo_label}{count_label}{price_label} | immowelt","4 - 4,5-Zimmer Wohnung kaufen{geo_label}{count_label}{price_label} | immowelt","Angebot für 4 - 4,5-Zimmer Wohnungen kaufen{geo_label}","Angebote für 4 - 4,5-Zimmer Wohnungen kaufen{geo_label}","4 bis 4,5-Zimmer Wohnung kaufen{geo_label} leicht gemacht - bei immowelt findest du eine große Auswahl an aktuellen Angeboten. Jetzt loslegen!","4 bis 4,5-Zimmer Wohnung kaufen{geo_label} leicht gemacht - bei immowelt findest du eine große Auswahl an aktuellen Angeboten. Jetzt loslegen!",4-Zimmer-Wohnung kaufen{geo_label}{count_label},4 Zimmer Wohnung zum Kauf{geo_label},4-Zimmer-Wohnung kaufen{geo_label}{count_label},
34301,5-Zimmer Wohnung kaufen{geo_label} | immowelt,Wohnung kaufen 5-Zimmer{geo_label}{count_label}{price_label} | immowelt,5-Zimmer Wohnung kaufen{geo_label}{count_label}{price_label} | immowelt,Angebot für 5-Zimmer Wohnungen kaufen{geo_label},Angebote für 5-Zimmer Wohnungen kaufen{geo_label},5-Zimmer Wohnung kaufen{geo_label} leicht gemacht - bei immowelt findest du eine große Auswahl an aktuellen Angeboten. Jetzt loslegen!,5-Zimmer Wohnung kaufen{geo_label} leicht gemacht - bei immowelt findest du eine große Auswahl an aktuellen Angeboten. Jetzt loslegen!,5-Zimmer-Wohnung kaufen{geo_label}{count_label},5 Zimmer Wohnung zum Kauf{geo_label},5-Zimmer-Wohnung kaufen{geo_label}{count_label},
24867,Loft kaufen{geo_label} | immowelt,Loft kaufen{geo_label}{count_label}{price_label} | immowelt,Loft kaufen{geo_label}{count_label}{price_label} | immowelt,Loft kaufen{geo_label},Lofts kaufen{geo_label},Loft kaufen{geo_label} leicht gemacht - bei immowelt findest du eine große Auswahl an aktuellen Angeboten. Jetzt loslegen!,Loft kaufen{geo_label} leicht gemacht - bei immowelt findest du eine große Auswahl an aktuellen Angeboten. Jetzt loslegen!,Loft kaufen{geo_label}{count_label},Loft zum Kauf{geo_label},Loft kaufen{geo_label}{count_label},
57439,Maisonette-Wohnung kaufen{geo_label} | immowelt,Maisonette-Wohnung kaufen{geo_label}{count_label}{price_label} | immowelt,Maisonette-Wohnung kaufen{geo_label}{count_label}{price_label} | immowelt,Maisonette-Wohnung kaufen{geo_label},Maisonette-Wohnungen kaufen{geo_label},Maisonette-Wohnung kaufen{geo_label} leicht gemacht - bei immowelt findest du eine große Auswahl an aktuellen Angeboten. Jetzt loslegen!,Maisonette-Wohnungen kaufen{geo_label} leicht gemacht - bei immowelt findest du eine große Auswahl an aktuellen Angeboten. Jetzt loslegen!,Maisonette-Wohnung kaufen{geo_label}{count_label},Maisonette-Wohnung zum Kauf{geo_label},Maisonette-Wohnung kaufen{geo_label}{count_label},
14952,Penthouse kaufen{geo_label} | immowelt,Penthouse kaufen{geo_label}{count_label}{price_label} | immowelt,Penthouse kaufen{geo_label}{count_label}{price_label} | immowelt,Penthouse kaufen{geo_label},Penthäuser kaufen{geo_label},Penthouse kaufen{geo_label} leicht gemacht - bei immowelt findest du eine große Auswahl an aktuellen Angeboten. Jetzt loslegen!,Penthouse kaufen{geo_label} leicht gemacht - bei immowelt findest du eine große Auswahl an aktuellen Angeboten. Jetzt loslegen!,Penthouse kaufen{geo_label}{count_label},Penthouse zum Kauf{geo_label},Penthouse kaufen{geo_label}{count_label},
23717,Wohnung mit Terrasse kaufen{geo_label} | immowelt,Wohnung mit Terrasse kaufen{geo_label}{count_label}{price_label} | immowelt,Wohnung mit Terrasse kaufen{geo_label}{count_label}{price_label} | immowelt,Wohnung mit Terrasse kaufen{geo_label},Wohnungen mit Terrasse kaufen{geo_label},Wohnung mit Terrasse kaufen{geo_label} leicht gemacht - bei immowelt findest du eine große Auswahl an aktuellen Angeboten. Jetzt loslegen!,Wohnung mit Terrasse kaufen{geo_label} leicht gemacht - bei immowelt findest du eine große Auswahl an aktuellen Angeboten. Jetzt loslegen!,Terrassenwohnung kaufen{geo_label}{count_label},Terrassenwohnung zum Kauf{geo_label},Terrassenwohnung kaufen{geo_label}{count_label},mit Balkon
32209,Immobilie kaufen{geo_label} | immowelt,Immobilie kaufen{geo_label}{count_label}{price_label} | immowelt,Immobilie kaufen{geo_label}{count_label}{price_label} | immowelt,Immobilie kaufen{geo_label},Immobilien kaufen{geo_label},Immobilie kaufen{geo_label} leicht gemacht - bei immowelt findest du eine große Auswahl an aktuellen Angeboten. Jetzt loslegen!,Immobilie kaufen{geo_label} leicht gemacht - bei immowelt findest du eine große Auswahl an aktuellen Angeboten. Jetzt loslegen!,Immobilie kaufen{geo_label}{count_label},Immobilie zum Kauf{geo_label},Immobilie kaufen{geo_label}{count_label},
72262,Immobilie mit Garten kaufen{geo_label} | immowelt,Immobilie mit Garten kaufen{geo_label}{count_label}{price_label} | immowelt,Immobilie mit Garten kaufen{geo_label}{count_label}{price_label} | immowelt,Immobilie mit Garten kaufen{geo_label},Immobilien mit Garten kaufen{geo_label},Immobilie mit Garten kaufen{geo_label} leicht gemacht - bei immowelt findest du eine große Auswahl an aktuellen Angeboten. Jetzt loslegen!,Immobilie mit Garten kaufen{geo_label} leicht gemacht - bei immowelt findest du eine große Auswahl an aktuellen Angeboten. Jetzt loslegen!,Immobilie mit Garten kaufen{geo_label}{count_label},Immobilie mit Garten zum Kauf{geo_label},Immobilie mit Garten kaufen{geo_label}{count_label},
56225,Renditeobjekte kaufen{geo_label} | immowelt,Renditeobjekte kaufen{geo_label}{count_label}{price_label} | immowelt,Renditeobjekte kaufen{geo_label}{count_label}{price_label} | immowelt,Renditeimmobilie / Anlageimmobilie kaufen{geo_label},Renditeimmobilien / Anlageimmobilien kaufen{geo_label},Renditeimmobilien / Anlageimmobilien kaufen{geo_label} leicht gemacht - bei immowelt findest du eine große Auswahl an aktuellen Angeboten. Jetzt loslegen!,Renditeimmobilien / Anlageimmobilien kaufen{geo_label} leicht gemacht - bei immowelt findest du eine große Auswahl an aktuellen Angeboten. Jetzt loslegen!,Kapitalanlage kaufen{geo_label}{count_label},Renditeobjekte zum Kauf{geo_label},Kapitalanlage kaufen{geo_label}{count_label},Investment
91834,Neubauprojekte{geo_label} | Neubau und Bauvorhaben | immowelt,Neubauprojekt{geo_label}{count_label}{price_label} | Neubau und Bauvorhaben | immowelt,Neubauprojekte{geo_label}{count_label}{price_label} | Neubau und Bauvorhaben | immowelt,Neubauprojekt{geo_label},Neubauprojekte{geo_label},Neubau-Immobilien{geo_label}: Neubauwohnungen & Neubauhäuser ▷ Informiere dich hier über aktuelle Neubauprojekte{geo_label},Neubau-Immobilien{geo_label}: Neubauwohnungen & Neubauhäuser ▷ Informiere dich hier über aktuelle Neubauprojekte{geo_label},Neubauprojekte kaufen{geo_label}{count_label},Neubauprojekte zum Kauf{geo_label},Neubauprojekte kaufen{geo_label}{count_label},Neubau
36247,Immobilie von privat kaufen{geo_label} | immowelt,Immobilie von privat kaufen{geo_label}{count_label}{price_label} | immowelt,Immobilie von privat kaufen{geo_label}{count_label}{price_label} | immowelt,Immobilie von privat kaufen{geo_label},Immobilien von privat kaufen{geo_label},Immobilie von privat kaufen{geo_label} leicht gemacht - bei immowelt findest du eine große Auswahl an aktuellen Angeboten. Jetzt loslegen!,Immobilie von privat kaufen{geo_label} leicht gemacht - bei immowelt findest du eine große Auswahl an aktuellen Angeboten. Jetzt loslegen!,Immobilie von privat kaufen{geo_label}{count_label},Immobilie von privat zum Kauf{geo_label},Immobilie von privat kaufen{geo_label}{count_label},
32385,Gastronomie-Hotel kaufen{geo_label} | immowelt,Gastronomie-Hotel kaufen{geo_label}{count_label}{price_label} | immowelt,Gastronomie-Hotel kaufen{geo_label}{count_label}{price_label} | immowelt,Gastronomie-Hotel kaufen{geo_label},Gastronomie-Hotels kaufen{geo_label},Gastronomie-Hotel kaufen{geo_label} leicht gemacht - bei immowelt findest du eine große Auswahl an aktuellen Angeboten. Jetzt loslegen!,Gastronomie-Hotel kaufen{geo_label} leicht gemacht - bei immowelt findest du eine große Auswahl an aktuellen Angeboten. Jetzt loslegen!,Gastronomie-Hotel kaufen{geo_label}{count_label},Gastronomie-Hotel zum Kauf{geo_label},Gastronomie-Hotel kaufen{geo_label}{count_label},
70930,Café / Bar kaufen{geo_label} | immowelt,Café / Bar kaufen{geo_label}{count_label}{price_label} | immowelt,Café / Bar kaufen{geo_label}{count_label}{price_label} | immowelt,Café / Bar kaufen{geo_label},Cafés / Bars kaufen{geo_label},Café / Bar kaufen{geo_label} leicht gemacht - bei immowelt findest du eine große Auswahl an aktuellen Angeboten. Jetzt loslegen!,Café / Bar kaufen{geo_label} leicht gemacht - bei immowelt findest du eine große Auswahl an aktuellen Angeboten. Jetzt loslegen!,Café / Bar kaufen{geo_label}{count_label},Café / Bar zum Kauf{geo_label},Café / Bar kaufen{geo_label}{count_label},
78538,Hotel kaufen{geo_label} | immowelt,Hotel kaufen{geo_label}{count_label}{price_label} | immowelt,Hotel kaufen{geo_label}{count_label}{price_label} | immowelt,Hotel kaufen{geo_label},Hotels kaufen{geo_label},Hotel kaufen{geo_label} leicht gemacht - bei immowelt findest du eine große Auswahl an aktuellen Angeboten. Jetzt loslegen!,Hotel kaufen{geo_label} leicht gemacht - bei immowelt findest du eine große Auswahl an aktuellen Angeboten. Jetzt loslegen!,Hotel kaufen{geo_label}{count_label},Hotel zum Kauf{geo_label},Hotel kaufen{geo_label}{count_label},
79419,Restaurant kaufen{geo_label} | immowelt,Restaurant kaufen{geo_label}{count_label}{price_label} | immowelt,Restaurant kaufen{geo_label}{count_label}{price_label} | immowelt,Restaurant kaufen{geo_label},Restaurants kaufen{geo_label},Restaurant kaufen{geo_label} leicht gemacht - bei immowelt findest du eine große Auswahl an aktuellen Angeboten. Jetzt loslegen!,Restaurant kaufen{geo_label} leicht gemacht - bei immowelt findest du eine große Auswahl an aktuellen Angeboten. Jetzt loslegen!,Restaurant kaufen{geo_label}{count_label},Restaurant zum Kauf{geo_label},Restaurant kaufen{geo_label}{count_label},
91880,Haus kaufen{geo_label} | immowelt,Haus kaufen{geo_label}{count_label}{price_label} | immowelt,Haus kaufen{geo_label}{count_label}{price_label} | immowelt,Haus kaufen{geo_label},Häuser kaufen{geo_label},Haus kaufen{geo_label} leicht gemacht - bei immowelt findest du eine große Auswahl an aktuellen Angeboten. Jetzt loslegen!,Haus kaufen{geo_label} leicht gemacht - bei immowelt findest du eine große Auswahl an aktuellen Angeboten. Jetzt loslegen!,Haus kaufen{geo_label}{count_label},Haus zum Kauf{geo_label},Haus kaufen{geo_label}{count_label},Haus
60249,Haus mit Terasse kaufen{geo_label} | immowelt,Haus mit Terasse kaufen{geo_label}{count_label}{price_label} | immowelt,Haus mit Terasse kaufen{geo_label}{count_label}{price_label} | immowelt,Haus mit Terrasse kaufen{geo_label},Häuser mit Terasse kaufen{geo_label},Haus mit Terasse kaufen{geo_label} leicht gemacht - bei immowelt findest du eine große Auswahl an aktuellen Angeboten. Jetzt loslegen!,Haus mit Terasse kaufen{geo_label} leicht gemacht - bei immowelt findest du eine große Auswahl an aktuellen Angeboten. Jetzt loslegen!,Haus mit Terasse kaufen{geo_label}{count_label},Haus mit Terasse zum Kauf{geo_label},Haus mit Terasse kaufen{geo_label}{count_label},
16206,Haus mit Keller kaufen{geo_label} | immowelt,Haus mit Keller kaufen{geo_label}{count_label}{price_label} | immowelt,Haus mit Keller kaufen{geo_label}{count_label}{price_label} | immowelt,Haus mit Keller kaufen{geo_label},Häuser mit Keller kaufen{geo_label},Haus mit Keller kaufen{geo_label} leicht gemacht - bei immowelt findest du eine große Auswahl an aktuellen Angeboten. Jetzt loslegen!,Haus mit Keller kaufen{geo_label} leicht gemacht - bei immowelt findest du eine große Auswahl an aktuellen Angeboten. Jetzt loslegen!,Haus mit Keller kaufen{geo_label}{count_label},Haus mit Keller zum Kauf{geo_label},Haus mit Keller kaufen{geo_label}{count_label},
52246,Günstiges Haus kaufen{geo_label} | immowelt,Günstiges Haus kaufen{geo_label}{count_label}{price_label} | immowelt,Günstiges Haus kaufen{geo_label}{count_label}{price_label} | immowelt,Günstiges Haus kaufen{geo_label},Günstige Häuser kaufen{geo_label},Günstiges Haus kaufen{geo_label} leicht gemacht - bei immowelt findest du eine große Auswahl an aktuellen Angeboten. Jetzt loslegen!,Günstiges Haus kaufen{geo_label} leicht gemacht - bei immowelt findest du eine große Auswahl an aktuellen Angeboten. Jetzt loslegen!,Günstiges Haus kaufen{geo_label}{count_label},Günstiges Haus zum Kauf{geo_label},Günstiges Haus kaufen{geo_label}{count_label},Günstig
30155,Haus mit Garten kaufen{geo_label} | immowelt,Haus mit Garten kaufen{geo_label}{count_label}{price_label} | immowelt,Haus mit Garten kaufen{geo_label}{count_label}{price_label} | immowelt,Haus mit Garten kaufen{geo_label},Häuser mit Garten kaufen{geo_label},Haus mit Garten kaufen{geo_label} leicht gemacht - bei immowelt findest du eine große Auswahl an aktuellen Angeboten. Jetzt loslegen!,Haus mit Garten kaufen{geo_label} leicht gemacht - bei immowelt findest du eine große Auswahl an aktuellen Angeboten. Jetzt loslegen!,Haus mit Garten kaufen{geo_label}{count_label},Haus mit Garten zum Kauf{geo_label},Haus mit Garten kaufen{geo_label}{count_label},
59151,Luxushaus kaufen{geo_label} | immowelt,Luxushaus kaufen{geo_label}{count_label}{price_label} | immowelt,Luxushaus kaufen{geo_label}{count_label}{price_label} | immowelt,Luxushaus kaufen{geo_label},Luxushäuser kaufen{geo_label},Luxushaus kaufen{geo_label} leicht gemacht - bei immowelt findest du eine große Auswahl an aktuellen Angeboten. Jetzt loslegen!,Luxushaus kaufen{geo_label} leicht gemacht - bei immowelt findest du eine große Auswahl an aktuellen Angeboten. Jetzt loslegen!,Luxushaus kaufen{geo_label}{count_label},Luxushaus zum Kauf{geo_label},Luxushaus kaufen{geo_label}{count_label},
68689,Neubau-Häuser kaufen{geo_label} | immowelt,Neubau-Häuser kaufen{geo_label}{count_label}{price_label} | immowelt,Neubau-Häuser kaufen{geo_label}{count_label}{price_label} | immowelt,Neubauhaus kaufen{geo_label},Neubau Häuser kaufen{geo_label},Neubau-Häuser kaufen{geo_label} leicht gemacht - bei immowelt findest du eine große Auswahl an aktuellen Angeboten. Jetzt loslegen!,Neubau-Häuser kaufen{geo_label} leicht gemacht - bei immowelt findest du eine große Auswahl an aktuellen Angeboten. Jetzt loslegen!,Neubau Häuser kaufen{geo_label}{count_label},Neubau Häuser zum Kauf{geo_label},Neubau Häuser kaufen{geo_label}{count_label},Neubau
81234,Haus mit Garage kaufen{geo_label} | immowelt,Haus mit Garage kaufen{geo_label}{count_label}{price_label} | immowelt,Haus mit Garage kaufen{geo_label}{count_label}{price_label} | immowelt,Haus mit Garage kaufen{geo_label},Häuser mit Garage kaufen{geo_label},Haus mit Garage kaufen{geo_label} leicht gemacht - bei immowelt findest du eine große Auswahl an aktuellen Angeboten. Jetzt loslegen!,Haus mit Garage kaufen{geo_label} leicht gemacht - bei immowelt findest du eine große Auswahl an aktuellen Angeboten. Jetzt loslegen!,Haus mit Garage kaufen{geo_label}{count_label},Haus mit Garage zum Kauf{geo_label},Haus mit Garage kaufen{geo_label}{count_label},
39002,Haus von privat kaufen{geo_label} | immowelt,Haus von privat kaufen{geo_label}{count_label}{price_label} | immowelt,Haus von privat kaufen{geo_label}{count_label}{price_label} | immowelt,Haus von privat kaufen{geo_label},Häuser von privat kaufen{geo_label},Haus von privat kaufen{geo_label} leicht gemacht - bei immowelt findest du eine große Auswahl an aktuellen Angeboten. Jetzt loslegen!,Haus von privat kaufen{geo_label} leicht gemacht - bei immowelt findest du eine große Auswahl an aktuellen Angeboten. Jetzt loslegen!,Haus von privat kaufen{geo_label}{count_label},Haus von privat zum Kauf{geo_label},Haus von privat kaufen{geo_label}{count_label},
20469,Haus mit Swimmingpool kaufen{geo_label} | immowelt,Haus mit Swimmingpool kaufen{geo_label}{count_label}{price_label} | immowelt,Haus mit Swimmingpool kaufen{geo_label}{count_label}{price_label} | immowelt,Haus mit Swimmingpool kaufen{geo_label},Häuser mit Swimmingpool kaufen{geo_label},Huas mit Swimmingpool kaufen{geo_label} leicht gemacht - bei immowelt findest du eine große Auswahl an aktuellen Angeboten. Jetzt loslegen!,Huas mit Swimmingpool kaufen{geo_label} leicht gemacht - bei immowelt findest du eine große Auswahl an aktuellen Angeboten. Jetzt loslegen!,Haus mit Swimmingpool kaufen{geo_label}{count_label},Haus mit Swimmingpool zum Kauf{geo_label},Haus mit Swimmingpool kaufen{geo_label}{count_label},
20274,Sanierungsbedürftige Häuser kaufen{geo_label} | immowelt,Sanierungsbedürftige Häuser kaufen{geo_label}{count_label}{price_label} | immowelt,Sanierungsbedürftige Häuser kaufen{geo_label}{count_label}{price_label} | immowelt,Renovierungsbedürftiges Haus kaufen{geo_label},Renovierungsbedürftige Häuser kaufen{geo_label},Sanierungsbedürftige Häuse kaufen{geo_label} leicht gemacht - bei immowelt findest du eine große Auswahl an aktuellen Angeboten. Jetzt loslegen!,Sanierungsbedürftige Häuse kaufen{geo_label} leicht gemacht - bei immowelt findest du eine große Auswahl an aktuellen Angeboten. Jetzt loslegen!,Renovierungsbedürftig Häuser kaufen{geo_label}{count_label},Renovierungsbedürftig Häuser zum Kauf{geo_label},Renovierungsbedürftig Häuser kaufen{geo_label}{count_label},
37314,Bungalow kaufen{geo_label} | immowelt,Bungalow kaufen{geo_label}{count_label}{price_label} | immowelt,Bungalow kaufen{geo_label}{count_label}{price_label} | immowelt,Bungalow kaufen{geo_label},Bungalows kaufen{geo_label},Bungalow kaufen{geo_label} leicht gemacht - bei immowelt findest du eine große Auswahl an aktuellen Angeboten. Jetzt loslegen!,Bungalow kaufen{geo_label} leicht gemacht - bei immowelt findest du eine große Auswahl an aktuellen Angeboten. Jetzt loslegen!,Bungalow kaufen{geo_label}{count_label},Bungalow zum Kauf{geo_label},Bungalow kaufen{geo_label}{count_label},Bungalow
95880,Burg & Schloss kaufen{geo_label} | immowelt,Burg & Schloss kaufen{geo_label}{count_label}{price_label} | immowelt,Burg & Schloss kaufen{geo_label}{count_label}{price_label} | immowelt,Burg & Schloss kaufen{geo_label},Burgen & Schlösser kaufen{geo_label},Burg & Schloss kaufen{geo_label} leicht gemacht - bei immowelt findest du eine große Auswahl an aktuellen Angeboten. Jetzt loslegen!,Burg & Schloss kaufen{geo_label} leicht gemacht - bei immowelt findest du eine große Auswahl an aktuellen Angeboten. Jetzt loslegen!,Burg & Schloss kaufen{geo_label}{count_label},Burg & Schloss zum Kauf{geo_label},Burg & Schloss kaufen{geo_label}{count_label},
36442,Bauernhaus kaufen{geo_label} | immowelt,Bauernhaus kaufen{geo_label}{count_label}{price_label} | immowelt,Bauernhaus kaufen{geo_label}{count_label}{price_label} | immowelt,Bauernhaus kaufen{geo_label},Bauernhäuser kaufen{geo_label},Bauernhaus kaufen{geo_label} leicht gemacht - bei immowelt findest du eine große Auswahl an aktuellen Angeboten. Jetzt loslegen!,Bauernhaus kaufen{geo_label} leicht gemacht - bei immowelt findest du eine große Auswahl an aktuellen Angeboten. Jetzt loslegen!,Bauernhaus kaufen{geo_label}{count_label},Bauernhaus zum Kauf{geo_label},Bauernhaus kaufen{geo_label}{count_label},Bauernhaus
24404,Herrenhaus kaufen{geo_label} | immowelt,Herrenhaus kaufen{geo_label}{count_label}{price_label} | immowelt,Herrenhaus kaufen{geo_label}{count_label}{price_label} | immowelt,Herrenhaus kaufen{geo_label},Herrenhäuser kaufen{geo_label},Herrenhaus kaufen{geo_label} leicht gemacht - bei immowelt findest du eine große Auswahl an aktuellen Angeboten. Jetzt loslegen!,Herrenhaus kaufen{geo_label} leicht gemacht - bei immowelt findest du eine große Auswahl an aktuellen Angeboten. Jetzt loslegen!,Herrenhaus kaufen{geo_label}{count_label},Herrenhaus zum Kauf{geo_label},Herrenhaus kaufen{geo_label}{count_label},
97277,Mehrfamilienhaus kaufen{geo_label} | immowelt,Mehrfamilienhaus kaufen{geo_label}{count_label}{price_label} | immowelt,Mehrfamilienhaus kaufen{geo_label}{count_label}{price_label} | immowelt,Mehrfamilienhaus kaufen{geo_label},Mehrfamilienhäuser kaufen{geo_label},Mehrfamilienhaus kaufen{geo_label} leicht gemacht - bei immowelt findest du eine große Auswahl an aktuellen Angeboten. Jetzt loslegen!,Mehrfamilienhaus kaufen{geo_label} leicht gemacht - bei immowelt findest du eine große Auswahl an aktuellen Angeboten. Jetzt loslegen!,Mehrfamilienhaus kaufen{geo_label}{count_label},Mehrfamilienhaus zum Kauf{geo_label},Mehrfamilienhaus kaufen{geo_label}{count_label},
49225,Mehrfamilienhaus als Kapitalanlage kaufen{geo_label} | immowelt,Mehrfamilienhaus als Kapitalanlage kaufen{geo_label}{count_label}{price_label} | immowelt,Mehrfamilienhaus als Kapitalanlage kaufen{geo_label}{count_label}{price_label} | immowelt,Mehrfamilienhaus als Kapitalanlage kaufen{geo_label},Mehrfamilienhäuser als Kapitalanlage kaufen{geo_label},Mehrfamilienhaus als Kapitalanlage kaufen{geo_label} leicht gemacht - bei immowelt findest du eine große Auswahl an aktuellen Angeboten. Jetzt loslegen!,Mehrfamilienhaus als Kapitalanlage kaufen{geo_label} leicht gemacht - bei immowelt findest du eine große Auswahl an aktuellen Angeboten. Jetzt loslegen!,Mehrfamilienhaus als Kapitalanlage kaufen{geo_label}{count_label},Mehrfamilienhaus als Kapitalanlage zum Kauf{geo_label},Mehrfamilienhaus als Kapitalanlage kaufen{geo_label}{count_label},
53765,Zweifamilienhaus kaufen{geo_label} | immowelt,Zweifamilienhaus kaufen{geo_label}{count_label}{price_label} | immowelt,Zweifamilienhaus kaufen{geo_label}{count_label}{price_label} | immowelt,Zweifamilienhaus kaufen{geo_label},Zweifamilienhäuser kaufen{geo_label},Zweifamilienhaus kaufen{geo_label} leicht gemacht - bei immowelt findest du eine große Auswahl an aktuellen Angeboten. Jetzt loslegen!,Zweifamilienhaus kaufen{geo_label} leicht gemacht - bei immowelt findest du eine große Auswahl an aktuellen Angeboten. Jetzt loslegen!,Zweifamilienhaus kaufen{geo_label}{count_label},Zweifamilienhaus zum Kauf{geo_label},Zweifamilienhaus kaufen{geo_label}{count_label},Mehr\u00ADfamilien\u00ADhaus
98244,Doppelhaushälfte kaufen{geo_label} | immowelt,Doppelhaushälfte kaufen{geo_label}{count_label}{price_label} | immowelt,Doppelhaushälfte kaufen{geo_label}{count_label}{price_label} | immowelt,Doppelhaushälfte kaufen{geo_label},Doppelhaushälften kaufen{geo_label},Doppelhaushälfte kaufen{geo_label} leicht gemacht - bei immowelt findest du eine große Auswahl an aktuellen Angeboten. Jetzt loslegen!,Doppelhaushälfte kaufen{geo_label} leicht gemacht - bei immowelt findest du eine große Auswahl an aktuellen Angeboten. Jetzt loslegen!,Doppelhaushälfte kaufen{geo_label}{count_label},Doppelhaushälfte zum Kauf{geo_label},Doppelhaushälfte kaufen{geo_label}{count_label},
72171,Einfamilienhaus kaufen{geo_label} | immowelt,Einfamilienhaus kaufen{geo_label}{count_label}{price_label} | immowelt,Einfamilienhaus kaufen{geo_label}{count_label}{price_label} | immowelt,Einfamilienhaus kaufen{geo_label},Einfamilienhäuser kaufen{geo_label},Einfamilienhaus kaufen{geo_label} leicht gemacht - bei immowelt findest du eine große Auswahl an aktuellen Angeboten. Jetzt loslegen!,Einfamilienhaus kaufen{geo_label} leicht gemacht - bei immowelt findest du eine große Auswahl an aktuellen Angeboten. Jetzt loslegen!,Einfamilienhaus kaufen{geo_label}{count_label},Einfamilienhaus zum Kauf{geo_label},Einfamilienhaus kaufen{geo_label}{count_label},Ein\u00ADfamilien\u00ADhaus
77399,Reihenhaus kaufen{geo_label} | immowelt,Reihenhaus kaufen{geo_label}{count_label}{price_label} | immowelt,Reihenhaus kaufen{geo_label}{count_label}{price_label} | immowelt,Reihenhaus kaufen{geo_label},Reihenhäuser kaufen{geo_label},Reihenhaus kaufen{geo_label} leicht gemacht - bei immowelt findest du eine große Auswahl an aktuellen Angeboten. Jetzt loslegen!,Reihenhaus kaufen{geo_label} leicht gemacht - bei immowelt findest du eine große Auswahl an aktuellen Angeboten. Jetzt loslegen!,Reihenhaus kaufen{geo_label}{count_label},Reihenhaus zum Kauf{geo_label},Reihenhaus kaufen{geo_label}{count_label},
77584,Stadthaus kaufen{geo_label} | immowelt,Stadthaus kaufen{geo_label}{count_label}{price_label} | immowelt,Stadthaus kaufen{geo_label}{count_label}{price_label} | immowelt,Stadthaus kaufen{geo_label},Stadthäuser kaufen{geo_label},Stadthaus kaufen{geo_label} leicht gemacht - bei immowelt findest du eine große Auswahl an aktuellen Angeboten. Jetzt loslegen!,Stadthaus kaufen{geo_label} leicht gemacht - bei immowelt findest du eine große Auswahl an aktuellen Angeboten. Jetzt loslegen!,Stadthaus kaufen{geo_label}{count_label},Stadthaus zum Kauf{geo_label},Stadthaus kaufen{geo_label}{count_label},
62966,Villa kaufen{geo_label} | immowelt,Villa kaufen{geo_label}{count_label}{price_label} | immowelt,Villa kaufen{geo_label}{count_label}{price_label} | immowelt,Villa kaufen{geo_label},Villen kaufen{geo_label},Villa kaufen{geo_label} leicht gemacht - bei immowelt findest du eine große Auswahl an aktuellen Angeboten. Jetzt loslegen!,Villa kaufen{geo_label} leicht gemacht - bei immowelt findest du eine große Auswahl an aktuellen Angeboten. Jetzt loslegen!,Villa kaufen{geo_label}{count_label},Villa zum Kauf{geo_label},Villa kaufen{geo_label}{count_label},
68612,Immobilien provisionsfrei kaufen{geo_label} | immowelt,Immobilie provisionsfrei kaufen{geo_label}{count_label}{price_label} | immowelt,Immobilien provisionsfrei kaufen{geo_label}{count_label}{price_label} | immowelt,Wohnimmobilie provisionsfrei kaufen{geo_label},Wohnimmobilien provisionsfrei kaufen{geo_label},Immobilie provisionsfrei kaufen{geo_label} leicht gemacht - bei immowelt findest du eine große Auswahl an aktuellen Angeboten. Jetzt loslegen!,Immobilien provisionsfrei kaufen{geo_label} leicht gemacht - bei immowelt findest du eine große Auswahl an aktuellen Angeboten. Jetzt loslegen!,Immobilien provisionsfrei kaufen{geo_label}{count_label},Wohnimmobilien provisionsfrei zum Kauf{geo_label},Immobilien provisionsfrei kaufen{geo_label}{count_label},
99360,Büro-Praxisfläche kaufen{geo_label} | immowelt,Büro-Praxisfläche kaufen{geo_label}{count_label}{price_label} | immowelt,Büro-Praxisfläche kaufen{geo_label}{count_label}{price_label} | immowelt,Büro-/Praxisfläche kaufen{geo_label},Büro-/Praxisflächen kaufen{geo_label},Büro-Praxisfläche kaufen{geo_label} leicht gemacht - bei immowelt findest du eine große Auswahl an aktuellen Angeboten. Jetzt loslegen!,Büro-Praxisfläche kaufen{geo_label} leicht gemacht - bei immowelt findest du eine große Auswahl an aktuellen Angeboten. Jetzt loslegen!,Büro-Praxisfläche kaufen{geo_label}{count_label},Büro-Praxisfläche zum Kauf{geo_label},Büro-Praxisfläche kaufen{geo_label}{count_label},
89818,Garagenstellplatz kaufen{geo_label} | immowelt,Garagenstellplatz kaufen{geo_label}{count_label}{price_label} | immowelt,Garagenstellplatz kaufen{geo_label}{count_label}{price_label} | immowelt,Garagenstellplatz kaufen{geo_label},Garagenstellplätze kaufen{geo_label},Garagenstellplatz kaufen{geo_label} leicht gemacht - bei immowelt findest du eine große Auswahl an aktuellen Angeboten. Jetzt loslegen!,Garagenstellplätze kaufen{geo_label} leicht gemacht - bei immowelt findest du eine große Auswahl an aktuellen Angeboten. Jetzt loslegen!,Garagenstellplatz kaufen{geo_label}{count_label},Garagenstellplatz zum Kauf{geo_label},Garagenstellplatz kaufen{geo_label}{count_label},
37531,Stellplätze / Garagen von privat kaufen{geo_label} | immowelt,Stellplätze / Garagen von privat kaufen{geo_label}{count_label}{price_label} | immowelt,Stellplätze / Garagen von privat kaufen{geo_label}{count_label}{price_label} | immowelt,Stellplatz / Garage von privat kaufen{geo_label},Stellplätze / Garagen von privat kaufen{geo_label},Stellplätze / Garagen von privat kaufen{geo_label} leicht gemacht - bei immowelt findest du eine große Auswahl an aktuellen Angeboten. Jetzt loslegen!,Stellplätze / Garagen von privat kaufen{geo_label} leicht gemacht - bei immowelt findest du eine große Auswahl an aktuellen Angeboten. Jetzt loslegen!,Stellplätze / Garagen von privat kaufen{geo_label}{count_label},Stellplätze / Garagen von privat zum Kauf{geo_label},Stellplätze / Garagen von privat kaufen{geo_label}{count_label},
46645,Tiefgarage kaufen{geo_label} | immowelt,Tiefgarage kaufen{geo_label}{count_label}{price_label} | immowelt,Tiefgarage kaufen{geo_label}{count_label}{price_label} | immowelt,Tiefgarage kaufen{geo_label},Tiefgaragen kaufen{geo_label},Tiefgarage kaufen{geo_label} leicht gemacht - bei immowelt findest du eine große Auswahl an aktuellen Angeboten. Jetzt loslegen!,Tiefgarage kaufen{geo_label} leicht gemacht - bei immowelt findest du eine große Auswahl an aktuellen Angeboten. Jetzt loslegen!,Tiefgarage kaufen{geo_label}{count_label},Tiefgarage zum Kauf{geo_label},Tiefgarage kaufen{geo_label}{count_label},
36327,Grundstück kaufen{geo_label} | immowelt,Grundstück kaufen{geo_label}{count_label}{price_label} | immowelt,Grundstück kaufen{geo_label}{count_label}{price_label} | immowelt,Grundstück kaufen{geo_label},Grundstücke kaufen{geo_label},Grundstück kaufen{geo_label} leicht gemacht - bei immowelt findest du eine große Auswahl an aktuellen Angeboten. Jetzt loslegen!,Grundstück kaufen{geo_label} leicht gemacht - bei immowelt findest du eine große Auswahl an aktuellen Angeboten. Jetzt loslegen!,Grundstück kaufen{geo_label}{count_label},Grundstück zum Kauf{geo_label},Grundstück kaufen{geo_label}{count_label},
50191,Gewerbegrundstück kaufen{geo_label} | immowelt,Gewerbegrundstück kaufen{geo_label}{count_label}{price_label} | immowelt,Gewerbegrundstück kaufen{geo_label}{count_label}{price_label} | immowelt,Gewerbegrundstück kaufen{geo_label},Gewerbegrundstücke kaufen{geo_label},Gewerbegrundstück kaufen{geo_label} leicht gemacht - bei immowelt findest du eine große Auswahl an aktuellen Angeboten. Jetzt loslegen!,Gewerbegrundstück kaufen{geo_label} leicht gemacht - bei immowelt findest du eine große Auswahl an aktuellen Angeboten. Jetzt loslegen!,Gewerbegrundstück kaufen{geo_label}{count_label},Gewerbegrundstück zum Kauf{geo_label},Gewerbegrundstück kaufen{geo_label}{count_label},
86226,Freizeitgrundstück kaufen{geo_label} | immowelt,Freizeitgrundstück kaufen{geo_label}{count_label}{price_label} | immowelt,Freizeitgrundstück kaufen{geo_label}{count_label}{price_label} | immowelt,Freizeitgrundstück kaufen{geo_label},Freizeitgrundstücke kaufen{geo_label},Freizeitgrundstück kaufen{geo_label} leicht gemacht - bei immowelt findest du eine große Auswahl an aktuellen Angeboten. Jetzt loslegen!,Freizeitgrundstück kaufen{geo_label} leicht gemacht - bei immowelt findest du eine große Auswahl an aktuellen Angeboten. Jetzt loslegen!,Freizeitgrundstück kaufen{geo_label}{count_label},Freizeitgrundstück zum Kauf{geo_label},Freizeitgrundstück kaufen{geo_label}{count_label},
22921,Halle-Industriefläche kaufen{geo_label} | immowelt,Halle-Industriefläche kaufen{geo_label}{count_label}{price_label} | immowelt,Halle-Industriefläche kaufen{geo_label}{count_label}{price_label} | immowelt,Halle/Industriefläche kaufen{geo_label},Hallen-Industrieflächen kaufen{geo_label},Halle-Industriefläche kaufen{geo_label} leicht gemacht - bei immowelt findest du eine große Auswahl an aktuellen Angeboten. Jetzt loslegen!,Halle-Industriefläche kaufen{geo_label} leicht gemacht - bei immowelt findest du eine große Auswahl an aktuellen Angeboten. Jetzt loslegen!,Halle-Industriefläche kaufen{geo_label}{count_label},Halle-Industriefläche zum Kauf{geo_label},Halle-Industriefläche kaufen{geo_label}{count_label},
65329,Werkstatt kaufen{geo_label} | immowelt,Werkstatt kaufen{geo_label}{count_label}{price_label} | immowelt,Werkstatt kaufen{geo_label}{count_label}{price_label} | immowelt,Werkstatt kaufen{geo_label},Werkstätten kaufen{geo_label},Werkstatt kaufen{geo_label} leicht gemacht - bei immowelt findest du eine große Auswahl an aktuellen Angeboten. Jetzt loslegen!,Werkstatt kaufen{geo_label} leicht gemacht - bei immowelt findest du eine große Auswahl an aktuellen Angeboten. Jetzt loslegen!,Werkstatt kaufen{geo_label}{count_label},Werkstatt zum Kauf{geo_label},Werkstatt kaufen{geo_label}{count_label},
15577,Ladenfläche kaufen{geo_label} | immowelt,Ladenfläche kaufen{geo_label}{count_label}{price_label} | immowelt,Ladenfläche kaufen{geo_label}{count_label}{price_label} | immowelt,Ladenfläche kaufen{geo_label},Ladenflächen kaufen{geo_label},Ladenfläche kaufen{geo_label} leicht gemacht - bei immowelt findest du eine große Auswahl an aktuellen Angeboten. Jetzt loslegen!,Ladenfläche kaufen{geo_label} leicht gemacht - bei immowelt findest du eine große Auswahl an aktuellen Angeboten. Jetzt loslegen!,Ladenfläche kaufen{geo_label}{count_label},Ladenfläche zum Kauf{geo_label},Ladenfläche kaufen{geo_label}{count_label},
19486,Lager kaufen{geo_label} | immowelt,Lager kaufen{geo_label}{count_label}{price_label} | immowelt,Lager kaufen{geo_label}{count_label}{price_label} | immowelt,Lager kaufen{geo_label},Lager kaufen{geo_label},Lager kaufen{geo_label} leicht gemacht - bei immowelt findest du eine große Auswahl an aktuellen Angeboten. Jetzt loslegen!,Lager kaufen{geo_label} leicht gemacht - bei immowelt findest du eine große Auswahl an aktuellen Angeboten. Jetzt loslegen!,Lager kaufen{geo_label}{count_label},Lager zum Kauf{geo_label},Lager kaufen{geo_label}{count_label},
82111,Zwangsversteigerungen{geo_label} | immowelt,Zwangsversteigerungen{geo_label} | immowelt,Zwangsversteigerungen{geo_label} | immowelt,Zwangsversteigerungen{geo_label},Zwangsversteigerungen{geo_label},Zwangsversteigerungen{geo_label} leicht gemacht - bei immowelt findest du eine große Auswahl an aktuellen Angeboten. Jetzt loslegen!,Zwangsversteigerungen{geo_label} leicht gemacht - bei immowelt findest du eine große Auswahl an aktuellen Angeboten. Jetzt loslegen!,Versteigerungen{geo_label}{count_label},Immobilie zur Versteigerungen{geo_label},Versteigerungen{geo_label}{count_label},
57899,Jagd-/Fischwirtschaft{geo_label} | immowelt,Jagd-/Fischwirtschaft{geo_label} | immowelt,Jagd-/Fischwirtschaft{geo_label} | immowelt,Jagd-/Fischwirtschaft{geo_label},Jagd-/Fischwirtschaften{geo_label},Jagd-/Fischwirtschaft{geo_label} leicht gemacht - bei immowelt findest du eine große Auswahl an aktuellen Angeboten. Jetzt loslegen!,Jagd-/Fischwirtschaft{geo_label} leicht gemacht - bei immowelt findest du eine große Auswahl an aktuellen Angeboten. Jetzt loslegen!,Jagd-/Fischwirtschaft{geo_label}{count_label},Jagd-/Fischwirtschaft{geo_label},Jagd-/Fischwirtschaft{geo_label}{count_label},
89820,Gewerbeimmobilien kaufen{geo_label} | immowelt,Gewerbeimmobilie kaufen{geo_label}{count_label}{price_label} | immowelt,Gewerbeimmobilien kaufen{geo_label}{count_label}{price_label} | immowelt,Gewerbeimmobilie kaufen{geo_label},Gewerbeimmobilien kaufen{geo_label},Gewerbeimmobilie kaufen{geo_label} leicht gemacht - bei immowelt findest du eine große Auswahl an aktuellen Angeboten. Jetzt loslegen!,Gewerbeimmobilien kaufen{geo_label} leicht gemacht - bei immowelt findest du eine große Auswahl an aktuellen Angeboten. Jetzt loslegen!,Gewerbeimmobilie kaufen{geo_label}{count_label},Gewerbeimmobilie zum Kauf{geo_label},Gewerbeimmobilie kaufen{geo_label}{count_label},Gewerbe
53895,Immobilie{geo_label} | immowelt,Immobilie{geo_label} | immowelt,Immobilie{geo_label} | immowelt,Immobilie{geo_label},Immobilien{geo_label},Immobilie{geo_label} leicht gemacht - bei immowelt findest du eine große Auswahl an aktuellen Angeboten. Jetzt loslegen!,Immobilie{geo_label} leicht gemacht - bei immowelt findest du eine große Auswahl an aktuellen Angeboten. Jetzt loslegen!,Immobilie{geo_label}{count_label},Immobilie{geo_label},Immobilie{geo_label}{count_label},
97217,Luxusimmobilie | Luxusvilla{geo_label} | immowelt,Luxusimmobilie | Luxusvilla{geo_label} | immowelt,Luxusimmobilie | Luxusvilla{geo_label} | immowelt,Luxusimmobilie / Luxusvilla{geo_label},Luxusimmobilien | Luxusvillen{geo_label},Luxusimmobilie | Luxusvilla{geo_label} leicht gemacht - bei immowelt findest du eine große Auswahl an aktuellen Angeboten. Jetzt loslegen!,Luxusimmobilie | Luxusvilla{geo_label} leicht gemacht - bei immowelt findest du eine große Auswahl an aktuellen Angeboten. Jetzt loslegen!,Luxusimmobilie | Luxusvilla{geo_label}{count_label},Luxusimmobilie | Luxusvilla{geo_label},Luxusimmobilie | Luxusvilla{geo_label}{count_label},Luxus
26122,Landwirtschaft mieten{geo_label} | immowelt,Landwirtschaft mieten{geo_label} | immowelt,Landwirtschaft mieten{geo_label} | immowelt,Landwirtschaftsfläche mieten{geo_label},Landwirtschaftsflächen mieten{geo_label},Landwirtschaft mieten{geo_label} leicht gemacht - bei immowelt findest du eine große Auswahl an aktuellen Angeboten. Jetzt loslegen!,Landwirtschaft mieten{geo_label} leicht gemacht - bei immowelt findest du eine große Auswahl an aktuellen Angeboten. Jetzt loslegen!,Landwirtschaft mieten{geo_label}{count_label},Landwirtschaft zur Miete{geo_label},Landwirtschaft mieten{geo_label}{count_label},
44491,Bauernhof mieten{geo_label} | immowelt,Bauernhof mieten{geo_label} | immowelt,Bauernhof mieten{geo_label} | immowelt,Bauernhof mieten{geo_label},Bauernhöfe mieten{geo_label},Bauernhof mieten{geo_label} leicht gemacht - bei immowelt findest du eine große Auswahl an aktuellen Angeboten. Jetzt loslegen!,Bauernhof mieten{geo_label} leicht gemacht - bei immowelt findest du eine große Auswahl an aktuellen Angeboten. Jetzt loslegen!,Bauernhof mieten{geo_label}{count_label},Bauernhof zur Miete{geo_label},Bauernhof mieten{geo_label}{count_label},
86141,Wohnung mieten{geo_label} | immowelt,Wohnung mieten{geo_label} | immowelt,Wohnung mieten{geo_label} | immowelt,Wohnung mieten{geo_label},Wohnungen mieten{geo_label},Wohnung mieten{geo_label} leicht gemacht - bei immowelt findest du eine große Auswahl an aktuellen Angeboten. Jetzt loslegen!,Wohnung mieten{geo_label} leicht gemacht - bei immowelt findest du eine große Auswahl an aktuellen Angeboten. Jetzt loslegen!,Wohnung mieten{geo_label}{count_label},Wohnung zur Miete{geo_label},Wohnung mieten{geo_label}{count_label},
77526,Wohnung mit Balkon mieten{geo_label} | immowelt,Wohnung mit Balkon mieten{geo_label} | immowelt,Wohnung mit Balkon mieten{geo_label} | immowelt,Wohnung mit Balkon mieten{geo_label},Wohnungen mit Balkon mieten{geo_label},Wohnung mit Balkon mieten{geo_label} leicht gemacht - bei immowelt findest du eine große Auswahl an aktuellen Angeboten. Jetzt loslegen!,Wohnung mit Balkon mieten{geo_label} leicht gemacht - bei immowelt findest du eine große Auswahl an aktuellen Angeboten. Jetzt loslegen!,Wohnung mit Balkon mieten{geo_label}{count_label},Wohnung mit Balkon zur Miete{geo_label},Wohnung mit Balkon mieten{geo_label}{count_label},
79264,Barrierefreie / Behindertengerechte Wohnung mieten{geo_label} | immowelt,Barrierefreie / Behindertengerechte Wohnung mieten{geo_label} | immowelt,Barrierefreie / Behindertengerechte Wohnung mieten{geo_label} | immowelt,Barrierefreie / Behindertengerechte Wohnung mieten{geo_label},Barrierefreie / Behindertengerechte Wohnungen mieten{geo_label},Barrierefreie / Behindertengerechte Wohnung mieten{geo_label} leicht gemacht - bei immowelt findest du eine große Auswahl an aktuellen Angeboten. Jetzt loslegen!,Barrierefreie / Behindertengerechte Wohnung mieten{geo_label} leicht gemacht - bei immowelt findest du eine große Auswahl an aktuellen Angeboten. Jetzt loslegen!,Barrierefreie / Behindertengerechte Wohnung mieten{geo_label}{count_label},Barrierefreie / Behindertengerechte Wohnung zur Miete{geo_label},Barrierefreie / Behindertengerechte Wohnung mieten{geo_label}{count_label},
48438,Günstige Wohnung mieten{geo_label} | immowelt,Günstige Wohnung mieten{geo_label} | immowelt,Günstige Wohnung mieten{geo_label} | immowelt,Günstige Wohnung mieten{geo_label},Günstige Wohnungen mieten{geo_label},Günstige Wohnung mieten{geo_label} leicht gemacht - bei immowelt findest du eine große Auswahl an aktuellen Angeboten. Jetzt loslegen!,Günstige Wohnung mieten{geo_label} leicht gemacht - bei immowelt findest du eine große Auswahl an aktuellen Angeboten. Jetzt loslegen!,Günstige Wohnung mieten{geo_label}{count_label},Günstige Wohnung zur Miete{geo_label},Günstige Wohnung mieten{geo_label}{count_label},Günstig
34944,WG Zimmer mieten{geo_label} | immowelt,WG Zimmer mieten{geo_label} | immowelt,WG Zimmer mieten{geo_label} | immowelt,WG-Zimmer mieten{geo_label},WG Zimmer mieten{geo_label},WG Zimmer mieten{geo_label} leicht gemacht - bei immowelt findest du eine große Auswahl an aktuellen Angeboten. Jetzt loslegen!,WG Zimmer mieten{geo_label} leicht gemacht - bei immowelt findest du eine große Auswahl an aktuellen Angeboten. Jetzt loslegen!,WG mieten{geo_label}{count_label},WG zur Miete{geo_label},WG mieten{geo_label}{count_label},
55706,Möblierte Wohnung mieten{geo_label} | immowelt,Möblierte Wohnung mieten{geo_label} | immowelt,Möblierte Wohnung mieten{geo_label} | immowelt,Möblierte Wohnung mieten{geo_label},Möblierte Wohnungen mieten{geo_label},Möblierte Wohnung mieten{geo_label} leicht gemacht - bei immowelt findest du eine große Auswahl an aktuellen Angeboten. Jetzt loslegen!,Möblierte Wohnung mieten{geo_label} leicht gemacht - bei immowelt findest du eine große Auswahl an aktuellen Angeboten. Jetzt loslegen!,Möblierte Wohnung mieten{geo_label}{count_label},Möblierte Wohnung zur Miete{geo_label},Möblierte Wohnung mieten{geo_label}{count_label},
23772,Wohnung mit Garten mieten{geo_label} | immowelt,Wohnung mit Garten mieten{geo_label} | immowelt,Wohnung mit Garten mieten{geo_label} | immowelt,Wohnung mit Garten mieten{geo_label},Wohnungen mit Garten mieten{geo_label},Wohnung mit Garten mieten{geo_label} leicht gemacht - bei immowelt findest du eine große Auswahl an aktuellen Angeboten. Jetzt loslegen!,Wohnung mit Garten mieten{geo_label} leicht gemacht - bei immowelt findest du eine große Auswahl an aktuellen Angeboten. Jetzt loslegen!,Wohnung mit Garten mieten{geo_label}{count_label},Wohnung mit Garten zur Miete{geo_label},Wohnung mit Garten mieten{geo_label}{count_label},
20853,Etagenwohnung mieten{geo_label} | immowelt,Etagenwohnung mieten{geo_label} | immowelt,Etagenwohnung mieten{geo_label} | immowelt,Etagenwohnung mieten{geo_label},Etagenwohnungen mieten{geo_label},Etagenwohnung mieten{geo_label} leicht gemacht - bei immowelt findest du eine große Auswahl an aktuellen Angeboten. Jetzt loslegen!,Etagenwohnung mieten{geo_label} leicht gemacht - bei immowelt findest du eine große Auswahl an aktuellen Angeboten. Jetzt loslegen!,Etagenwohnung mieten{geo_label}{count_label},Etagenwohnung zur Miete{geo_label},Etagenwohnung mieten{geo_label}{count_label},Etagen
97787,Erdgeschosswohnung mieten{geo_label} | immowelt,Erdgeschosswohnung mieten{geo_label} | immowelt,Erdgeschosswohnung mieten{geo_label} | immowelt,Erdgeschosswohnung mieten{geo_label},Erdgeschosswohnungen mieten{geo_label},Erdgeschosswohnung mieten{geo_label} leicht gemacht - bei immowelt findest du eine große Auswahl an aktuellen Angeboten. Jetzt loslegen!,Erdgeschosswohnung mieten{geo_label} leicht gemacht - bei immowelt findest du eine große Auswahl an aktuellen Angeboten. Jetzt loslegen!,Erdgeschosswohnung mieten{geo_label}{count_label},Erdgeschosswohnung zur Miete{geo_label},Erdgeschosswohnung mieten{geo_label}{count_label},
83058,Altbauwohnung mieten{geo_label} | immowelt,Altbauwohnung mieten{geo_label} | immowelt,Altbauwohnung mieten{geo_label} | immowelt,Altbauwohnung mieten{geo_label},Altbauwohnungen mieten{geo_label},Altbauwohnung mieten{geo_label} leicht gemacht - bei immowelt findest du eine große Auswahl an aktuellen Angeboten. Jetzt loslegen!,Altbauwohnung mieten{geo_label} leicht gemacht - bei immowelt findest du eine große Auswahl an aktuellen Angeboten. Jetzt loslegen!,Altbauwohnung mieten{geo_label}{count_label},Altbauwohnung zur Miete{geo_label},Altbauwohnung mieten{geo_label}{count_label},Altbau
71658,Wohnung mit Einbauküche mieten{geo_label} | immowelt,Wohnung mit Einbauküche mieten{geo_label} | immowelt,Wohnung mit Einbauküche mieten{geo_label} | immowelt,Wohnung mit Einbauküche mieten{geo_label},Wohnungen mit Einbauküche mieten{geo_label},Wohnung mit Einbauküche mieten{geo_label} leicht gemacht - bei immowelt findest du eine große Auswahl an aktuellen Angeboten. Jetzt loslegen!,Wohnung mit Einbauküche mieten{geo_label} leicht gemacht - bei immowelt findest du eine große Auswahl an aktuellen Angeboten. Jetzt loslegen!,Wohnung mit Einbauküche mieten{geo_label}{count_label},Wohnung mit Einbauküche zur Miete{geo_label},Wohnung mit Einbauküche mieten{geo_label}{count_label},
80982,Neubauwohnung mieten{geo_label},Neubauwohnung mieten{geo_label},Neubauwohnung mieten{geo_label},Neubauwohnung mieten{geo_label},Neubauwohnungen mieten{geo_label},"Mieten Sie eine Neubauwohnung{geo_label}: Moderne Wohnungen, energieeffiziente Neubauten und gehobener Wohnkomfort. Jetzt verfügbare Angebote entdecken.","Mieten Sie eine Neubauwohnung{geo_label}: Moderne Wohnungen, energieeffiziente Neubauten und gehobener Wohnkomfort. Jetzt verfügbare Angebote entdecken.",Neubauwohnung mieten{geo_label}{count_label},Neubauwohnung zur Miete{geo_label},Neubauwohnung mieten{geo_label}{count_label},Altbau
99822,Dachgeschosswohnung mieten{geo_label} | immowelt,Dachgeschosswohnung mieten{geo_label} | immowelt,Dachgeschosswohnung mieten{geo_label} | immowelt,Dachgeschosswohnung mieten{geo_label},Dachgeschosswohnungen mieten{geo_label},Dachgeschosswohnung mieten{geo_label} leicht gemacht - bei immowelt findest du eine große Auswahl an aktuellen Angeboten. Jetzt loslegen!,Dachgeschosswohnung mieten{geo_label} leicht gemacht - bei immowelt findest du eine große Auswahl an aktuellen Angeboten. Jetzt loslegen!,Dachgeschosswohnung mieten{geo_label}{count_label},Dachgeschosswohnung zur Miete{geo_label},Dachgeschosswohnung mieten{geo_label}{count_label},
28734,Seniorenwohnung mieten{geo_label} | immowelt,Seniorenwohnung mieten{geo_label} | immowelt,Seniorenwohnung mieten{geo_label} | immowelt,Seniorengerechte Wohnung mieten{geo_label},Seniorengerechte Wohnungen mieten{geo_label},Seniorengerechte Wohnung mieten{geo_label} leicht gemacht - bei immowelt findest du eine große Auswahl an aktuellen Angeboten. Jetzt loslegen!,Seniorengerechte Wohnung mieten{geo_label} leicht gemacht - bei immowelt findest du eine große Auswahl an aktuellen Angeboten. Jetzt loslegen!,Seniorengerechte Wohnung mieten{geo_label}{count_label},Seniorenwohnung zur Miete{geo_label},Seniorengerechte Wohnung mieten{geo_label}{count_label},
63486,Sozialwohnung mieten{geo_label} | immowelt,Sozialwohnung mieten{geo_label} | immowelt,Sozialwohnung mieten{geo_label} | immowelt,Wohnung mit WBS mieten{geo_label},Wohnungen mit WBS mieten{geo_label},Wohnung mit WB mieten{geo_label} leicht gemacht - bei immowelt findest du eine große Auswahl an aktuellen Angeboten. Jetzt loslegen!,Wohnung mit WB mieten{geo_label} leicht gemacht - bei immowelt findest du eine große Auswahl an aktuellen Angeboten. Jetzt loslegen!,Sozialwohnung mieten{geo_label}{count_label},Sozialwohnung zur Miete{geo_label},Sozialwohnung mieten{geo_label}{count_label},
56784,Studentenwohnung mieten{geo_label} | immowelt,Studentenwohnung mieten{geo_label} | immowelt,Studentenwohnung mieten{geo_label} | immowelt,Studentenwohnung mieten{geo_label},Studentenwohnungen mieten{geo_label},Studentenwohnung mieten{geo_label} leicht gemacht - bei immowelt findest du eine große Auswahl an aktuellen Angeboten. Jetzt loslegen!,Studentenwohnung mieten{geo_label} leicht gemacht - bei immowelt findest du eine große Auswahl an aktuellen Angeboten. Jetzt loslegen!,Studentenwohnung mieten{geo_label}{count_label},Studentenwohnung zur Miete{geo_label},Studentenwohnung mieten{geo_label}{count_label},
99520,Tauschwohnung mieten{geo_label} | immowelt,Tauschwohnung mieten{geo_label} | immowelt,Tauschwohnung mieten{geo_label} | immowelt,Tauschwohnung mieten{geo_label},Tauschwohnungen mieten{geo_label},Tauschwohnung mieten{geo_label} leicht gemacht - bei immowelt findest du eine große Auswahl an aktuellen Angeboten. Jetzt loslegen!,Tauschwohnung mieten{geo_label} leicht gemacht - bei immowelt findest du eine große Auswahl an aktuellen Angeboten. Jetzt loslegen!,Tauschwohnung mieten{geo_label}{count_label},Tauschwohnung zur Miete{geo_label},Tauschwohnung mieten{geo_label}{count_label},
15511,Wohnung mieten bis 1000€{geo_label} | immowelt,Wohnung mieten bis 1000€{geo_label} | immowelt,Wohnung mieten bis 1000€{geo_label} | immowelt,Wohnung mieten{geo_label} bis 1000 Euro,Wohnungen mieten{geo_label} bis 1000 Euro,Wohnung bis 1000 Euro mieten{geo_label} leicht gemacht - bei immowelt findest du eine große Auswahl an aktuellen Angeboten. Jetzt loslegen!,Wohnung bis 1000 Euro mieten{geo_label} leicht gemacht - bei immowelt findest du eine große Auswahl an aktuellen Angeboten. Jetzt loslegen!,Wohnung bis 1000 Euro mieten{geo_label}{count_label},Wohnung bis 1000 Euro zur Miete{geo_label},Wohnung bis 1000 Euro mieten{geo_label}{count_label},
37735,Wohnung mieten bis 400€{geo_label} | immowelt,Wohnung mieten bis 400€{geo_label} | immowelt,Wohnung mieten bis 400€{geo_label} | immowelt,Wohnung mieten{geo_label} bis 400 Euro,Wohnungen mieten{geo_label} bis 400 Euro,Wohnung bis 400 Euro mieten{geo_label} leicht gemacht - bei immowelt findest du eine große Auswahl an aktuellen Angeboten. Jetzt loslegen!,Wohnung bis 400 Euro mieten{geo_label} leicht gemacht - bei immowelt findest du eine große Auswahl an aktuellen Angeboten. Jetzt loslegen!,Wohnung bis 400 Euro mieten{geo_label}{count_label},Wohnung bis 400 Euro zur Miete{geo_label},Wohnung bis 400 Euro mieten{geo_label}{count_label},
20364,Wohnung mieten bis 500€{geo_label} | immowelt,Wohnung mieten bis 500€{geo_label} | immowelt,Wohnung mieten bis 500€{geo_label} | immowelt,Wohnung mieten{geo_label} bis 500 Euro,Wohnungen mieten{geo_label} bis 500 Euro,Wohnung bis 500 Euro mieten{geo_label} leicht gemacht - bei immowelt findest du eine große Auswahl an aktuellen Angeboten. Jetzt loslegen!,Wohnung bis 500 Euro mieten{geo_label} leicht gemacht - bei immowelt findest du eine große Auswahl an aktuellen Angeboten. Jetzt loslegen!,Wohnung bis 500 Euro mieten{geo_label}{count_label},Wohnung bis 500 Euro zur Miete{geo_label},Wohnung bis 500 Euro mieten{geo_label}{count_label},Günstig
22595,Wohnung mieten bis 600€{geo_label} | immowelt,Wohnung mieten bis 600€{geo_label} | immowelt,Wohnung mieten bis 600€{geo_label} | immowelt,Wohnung mieten{geo_label} bis 600 Euro,Wohnungen mieten{geo_label} bis 600 Euro,Wohnung bis 600 Euro mieten{geo_label} leicht gemacht - bei immowelt findest du eine große Auswahl an aktuellen Angeboten. Jetzt loslegen!,Wohnung bis 600 Euro mieten{geo_label} leicht gemacht - bei immowelt findest du eine große Auswahl an aktuellen Angeboten. Jetzt loslegen!,Wohnung bis 600 Euro mieten{geo_label}{count_label},Wohnung bis 600 Euro zur Miete{geo_label},Wohnung bis 600 Euro mieten{geo_label}{count_label},
67490,Wohnung mieten bis 800€{geo_label} | immowelt,Wohnung mieten bis 800€{geo_label} | immowelt,Wohnung mieten bis 800€{geo_label} | immowelt,Wohnung mieten{geo_label} bis 800 Euro,Wohnungen mieten{geo_label} bis 800 Euro,Wohnung bis 800 Euro mieten{geo_label} leicht gemacht - bei immowelt findest du eine große Auswahl an aktuellen Angeboten. Jetzt loslegen!,Wohnung bis 800 Euro mieten{geo_label} leicht gemacht - bei immowelt findest du eine große Auswahl an aktuellen Angeboten. Jetzt loslegen!,Wohnung bis 800 Euro mieten{geo_label}{count_label},Wohnung bis 800 Euro zur Miete{geo_label},Wohnung bis 800 Euro mieten{geo_label}{count_label},
93839,"1 - 1,5-Zimmer Wohnung mieten{geo_label} | immowelt","1 - 1,5-Zimmer Wohnung mieten{geo_label} | immowelt","1 - 1,5-Zimmer Wohnung mieten{geo_label} | immowelt","Angebot für 1 - 1,5-Zimmer Wohnungen mieten{geo_label}","Angebote für 1 - 1,5-Zimmer Wohnungen mieten{geo_label}","1 bis 1,5-Zimmer Wohnung mieten{geo_label} leicht gemacht - bei immowelt findest du eine große Auswahl an aktuellen Angeboten. Jetzt loslegen!","1 bis 1,5-Zimmer Wohnung mieten{geo_label} leicht gemacht - bei immowelt findest du eine große Auswahl an aktuellen Angeboten. Jetzt loslegen!",1-Zimmer-Wohnung mieten{geo_label}{count_label},1 Zimmer Wohnung zur Miete{geo_label},1-Zimmer-Wohnung mieten{geo_label}{count_label},1-Zimmer
90036,"2 - 2,5-Zimmer Wohnung mieten{geo_label} | immowelt","2 - 2,5-Zimmer Wohnung mieten{geo_label} | immowelt","2 - 2,5-Zimmer Wohnung mieten{geo_label} | immowelt","Angebot für 2 - 2,5-Zimmer Wohnungen mieten{geo_label}","Angebote für 2 - 2,5-Zimmer Wohnungen mieten{geo_label}","2 bis 2,5-Zimmer Wohnung mieten{geo_label} leicht gemacht - bei immowelt findest du eine große Auswahl an aktuellen Angeboten. Jetzt loslegen!","2 bis 2,5-Zimmer Wohnung mieten{geo_label} leicht gemacht - bei immowelt findest du eine große Auswahl an aktuellen Angeboten. Jetzt loslegen!",2-Zimmer-Wohnung mieten{geo_label}{count_label},2 Zimmer Wohnung zur Miete{geo_label},2-Zimmer-Wohnung mieten{geo_label}{count_label},2-Zimmer
39607,"3 - 3,5-Zimmer Wohnung mieten{geo_label} | immowelt","3 - 3,5-Zimmer Wohnung mieten{geo_label} | immowelt","3 - 3,5-Zimmer Wohnung mieten{geo_label} | immowelt","Angebot für 3 - 3,5-Zimmer Wohnungen mieten{geo_label}","Angebote für 3 - 3,5-Zimmer Wohnungen mieten{geo_label}","3 bis 3,5-Zimmer Wohnung mieten{geo_label} leicht gemacht - bei immowelt findest du eine große Auswahl an aktuellen Angeboten. Jetzt loslegen!","3 bis 3,5-Zimmer Wohnung mieten{geo_label} leicht gemacht - bei immowelt findest du eine große Auswahl an aktuellen Angeboten. Jetzt loslegen!",3-Zimmer-Wohnung mieten{geo_label}{count_label},3 Zimmer Wohnung zur Miete{geo_label},3-Zimmer-Wohnung mieten{geo_label}{count_label},3-Zimmer
17999,"4 - 4,5-Zimmer Wohnung mieten{geo_label} | immowelt","4 - 4,5-Zimmer Wohnung mieten{geo_label} | immowelt","4 - 4,5-Zimmer Wohnung mieten{geo_label} | immowelt","Angebot für 4 - 4,5-Zimmer Wohnungen mieten{geo_label}","Angebote für 4 - 4,5-Zimmer Wohnungen mieten{geo_label}","4 bis 4,5-Zimmer Wohnung mieten{geo_label} leicht gemacht - bei immowelt findest du eine große Auswahl an aktuellen Angeboten. Jetzt loslegen!","4 bis 4,5-Zimmer Wohnung mieten{geo_label} leicht gemacht - bei immowelt findest du eine große Auswahl an aktuellen Angeboten. Jetzt loslegen!",4-Zimmer-Wohnung mieten{geo_label}{count_label},4 Zimmer Wohnung zur Miete{geo_label},4-Zimmer-Wohnung mieten{geo_label}{count_label},
78418,5-Zimmer Wohnung mieten{geo_label} | immowelt,5-Zimmer Wohnung mieten{geo_label} | immowelt,5-Zimmer Wohnung mieten{geo_label} | immowelt,Angebot für 5-Zimmer Wohnungen mieten{geo_label},Angebote für 5-Zimmer Wohnungen mieten{geo_label},5-Zimmer Wohnung mieten{geo_label} leicht gemacht - bei immowelt findest du eine große Auswahl an aktuellen Angeboten. Jetzt loslegen!,5-Zimmer Wohnung mieten{geo_label} leicht gemacht - bei immowelt findest du eine große Auswahl an aktuellen Angeboten. Jetzt loslegen!,5-Zimmer-Wohnung mieten{geo_label}{count_label},5 Zimmer Wohnung zur Miete{geo_label},5-Zimmer-Wohnung mieten{geo_label}{count_label},
66159,6-Zimmer Wohnung mieten{geo_label} | immowelt,6-Zimmer Wohnung mieten{geo_label} | immowelt,6-Zimmer Wohnung mieten{geo_label} | immowelt,Angebot für 6-Zimmer Wohnungen mieten{geo_label},Angebote für 6-Zimmer Wohnungen mieten{geo_label},6-Zimmer Wohnung mieten{geo_label} leicht gemacht - bei immowelt findest du eine große Auswahl an aktuellen Angeboten. Jetzt loslegen!,6-Zimmer Wohnung mieten{geo_label} leicht gemacht - bei immowelt findest du eine große Auswahl an aktuellen Angeboten. Jetzt loslegen!,6-Zimmer-Wohnung mieten{geo_label}{count_label},6 Zimmer Wohnung zur Miete{geo_label},6-Zimmer-Wohnung mieten{geo_label}{count_label},
70702,Loft mieten{geo_label} | immowelt,Loft mieten{geo_label} | immowelt,Loft mieten{geo_label} | immowelt,Loft mieten{geo_label},Lofts mieten{geo_label},Loft mieten{geo_label} leicht gemacht - bei immowelt findest du eine große Auswahl an aktuellen Angeboten. Jetzt loslegen!,Loft mieten{geo_label} leicht gemacht - bei immowelt findest du eine große Auswahl an aktuellen Angeboten. Jetzt loslegen!,Loft mieten{geo_label}{count_label},Loft zur Miete{geo_label},Loft mieten{geo_label}{count_label},
32794,Maisonette-Wohnung mieten{geo_label} | immowelt,Maisonette-Wohnung mieten{geo_label} | immowelt,Maisonette-Wohnung mieten{geo_label} | immowelt,Maisonette-Wohnung mieten{geo_label},Maisonette-Wohnungen mieten{geo_label},Maisonette-Wohnung mieten{geo_label} leicht gemacht - bei immowelt findest du eine große Auswahl an aktuellen Angeboten. Jetzt loslegen!,Maisonette-Wohnung mieten{geo_label} leicht gemacht - bei immowelt findest du eine große Auswahl an aktuellen Angeboten. Jetzt loslegen!,Maisonette-Wohnung mieten{geo_label}{count_label},Maisonette zur Miete{geo_label},Maisonette mieten{geo_label}{count_label},
32554,Penthouse mieten{geo_label} | immowelt,Penthouse mieten{geo_label} | immowelt,Penthouse mieten{geo_label} | immowelt,Penthouse mieten{geo_label},Penthäuser mieten{geo_label},Penthouse mieten{geo_label} leicht gemacht - bei immowelt findest du eine große Auswahl an aktuellen Angeboten. Jetzt loslegen!,Penthouse mieten{geo_label} leicht gemacht - bei immowelt findest du eine große Auswahl an aktuellen Angeboten. Jetzt loslegen!,Penthouse mieten{geo_label}{count_label},Penthouse zur Miete{geo_label},Penthouse mieten{geo_label}{count_label},
46891,Wohnung mit Terrasse mieten{geo_label} | immowelt,Wohnung mit Terrasse mieten{geo_label} | immowelt,Wohnung mit Terrasse mieten{geo_label} | immowelt,Wohnung mit Terrasse mieten{geo_label},Wohnungen mit Terrasse mieten{geo_label},Wohnung mit Terrasse mieten{geo_label} leicht gemacht - bei immowelt findest du eine große Auswahl an aktuellen Angeboten. Jetzt loslegen!,Wohnung mit Terrasse mieten{geo_label} leicht gemacht - bei immowelt findest du eine große Auswahl an aktuellen Angeboten. Jetzt loslegen!,Terrassenwohnung mieten{geo_label}{count_label},Terrassenwohnung zur Miete{geo_label},Terrassenwohnung mieten{geo_label}{count_label},
26897,Immobilie mieten{geo_label} | immowelt,Immobilie mieten{geo_label} | immowelt,Immobilie mieten{geo_label} | immowelt,Immobilie mieten{geo_label},Immobilien mieten{geo_label},Immobilie mieten{geo_label} leicht gemacht - bei immowelt findest du eine große Auswahl an aktuellen Angeboten. Jetzt loslegen!,Immobilie mieten{geo_label} leicht gemacht - bei immowelt findest du eine große Auswahl an aktuellen Angeboten. Jetzt loslegen!,Immobilie mieten{geo_label}{count_label},Immobilie zur Miete{geo_label},Immobilie mieten{geo_label}{count_label},
82758,Immobilie mit Garten mieten{geo_label} | immowelt,Immobilie mit Garten mieten{geo_label} | immowelt,Immobilie mit Garten mieten{geo_label} | immowelt,Immobilie mit Garten mieten{geo_label},Immobilien mit Garten mieten{geo_label},Immobilie mit Garten mieten{geo_label} leicht gemacht - bei immowelt findest du eine große Auswahl an aktuellen Angeboten. Jetzt loslegen!,Immobilie mit Garten mieten{geo_label} leicht gemacht - bei immowelt findest du eine große Auswahl an aktuellen Angeboten. Jetzt loslegen!,Immobilie mit Garten mieten{geo_label}{count_label},Immobilie mit Garten zur Miete{geo_label},Immobilie mit Garten mieten{geo_label}{count_label},
49447,Immobilie von privat mieten{geo_label} | immowelt,Immobilie von privat mieten{geo_label} | immowelt,Immobilie von privat mieten{geo_label} | immowelt,Immobilie von privat mieten{geo_label},Immobilien von privat mieten{geo_label},Immobilie von privat mieten{geo_label} leicht gemacht - bei immowelt findest du eine große Auswahl an aktuellen Angeboten. Jetzt loslegen!,Immobilie von privat mieten{geo_label} leicht gemacht - bei immowelt findest du eine große Auswahl an aktuellen Angeboten. Jetzt loslegen!,Immobilie von privat mieten{geo_label}{count_label},Immobilie von privat zur Miete{geo_label},Immobilie von privat mieten{geo_label}{count_label},
27197,Wohnen auf Zeit{geo_label} | immowelt,Wohnen auf Zeit{geo_label} | immowelt,Wohnen auf Zeit{geo_label} | immowelt,Wohnen auf Zeit{geo_label},Wohnen auf Zeit{geo_label},Wohnen auf Zeit{geo_label} leicht gemacht - bei immowelt findest du eine große Auswahl an aktuellen Angeboten. Jetzt loslegen!,Wohnen auf Zeit{geo_label} leicht gemacht - bei immowelt findest du eine große Auswahl an aktuellen Angeboten. Jetzt loslegen!,Wohnen auf Zeit{geo_label}{count_label},Wohnen auf Zeit{geo_label},Wohnen auf Zeit{geo_label}{count_label},
39740,Gastronomie-Hotel mieten{geo_label} | immowelt,Gastronomie-Hotel mieten{geo_label} | immowelt,Gastronomie-Hotel mieten{geo_label} | immowelt,Gastronomie-Hotel mieten{geo_label},Gastronomie-Hotels mieten{geo_label},Gastronomie-Hotel mieten{geo_label} leicht gemacht - bei immowelt findest du eine große Auswahl an aktuellen Angeboten. Jetzt loslegen!,Gastronomie-Hotel mieten{geo_label} leicht gemacht - bei immowelt findest du eine große Auswahl an aktuellen Angeboten. Jetzt loslegen!,Gastronomie-Hotel mieten{geo_label}{count_label},Gastronomie-Hotel zur Miete{geo_label},Gastronomie-Hotel mieten{geo_label}{count_label},
56945,Café / Bar mieten{geo_label} | immowelt,Café / Bar mieten{geo_label} | immowelt,Café / Bar mieten{geo_label} | immowelt,Café / Bar mieten{geo_label},Cafés / Bars mieten{geo_label},Café / Bar mieten{geo_label} leicht gemacht - bei immowelt findest du eine große Auswahl an aktuellen Angeboten. Jetzt loslegen!,Café / Bar mieten{geo_label} leicht gemacht - bei immowelt findest du eine große Auswahl an aktuellen Angeboten. Jetzt loslegen!,Café / Bar mieten{geo_label}{count_label},Café / Bar zur Miete{geo_label},Café / Bar mieten{geo_label}{count_label},
69410,Club mieten{geo_label} | immowelt,Club mieten{geo_label} | immowelt,Club mieten{geo_label} | immowelt,Club mieten{geo_label},Clubs mieten{geo_label},Club mieten{geo_label} leicht gemacht - bei immowelt findest du eine große Auswahl an aktuellen Angeboten. Jetzt loslegen!,Club mieten{geo_label} leicht gemacht - bei immowelt findest du eine große Auswahl an aktuellen Angeboten. Jetzt loslegen!,Club mieten{geo_label}{count_label},Club zur Miete{geo_label},Club mieten{geo_label}{count_label},
54706,Hotel mieten{geo_label} | immowelt,Hotel mieten{geo_label} | immowelt,Hotel mieten{geo_label} | immowelt,Hotel mieten{geo_label},Hotels mieten{geo_label},Hotel mieten{geo_label} leicht gemacht - bei immowelt findest du eine große Auswahl an aktuellen Angeboten. Jetzt loslegen!,Hotel mieten{geo_label} leicht gemacht - bei immowelt findest du eine große Auswahl an aktuellen Angeboten. Jetzt loslegen!,Hotel mieten{geo_label}{count_label},Hotel zur Miete{geo_label},Hotel mieten{geo_label}{count_label},
91750,Restaurant mieten{geo_label} | immowelt,Restaurant mieten{geo_label} | immowelt,Restaurant mieten{geo_label} | immowelt,Restaurant mieten{geo_label},Restaurants mieten{geo_label},Restaurant mieten{geo_label} leicht gemacht - bei immowelt findest du eine große Auswahl an aktuellen Angeboten. Jetzt loslegen!,Restaurant mieten{geo_label} leicht gemacht - bei immowelt findest du eine große Auswahl an aktuellen Angeboten. Jetzt loslegen!,Restaurant mieten{geo_label}{count_label},Restaurant zur Miete{geo_label},Restaurant mieten{geo_label}{count_label},
41962,Haus mieten{geo_label} | immowelt,Haus mieten{geo_label} | immowelt,Haus mieten{geo_label} | immowelt,Haus mieten{geo_label},Häuser mieten{geo_label},Haus mieten{geo_label} leicht gemacht - bei immowelt findest du eine große Auswahl an aktuellen Angeboten. Jetzt loslegen!,Haus mieten{geo_label} leicht gemacht - bei immowelt findest du eine große Auswahl an aktuellen Angeboten. Jetzt loslegen!,Haus mieten{geo_label}{count_label},Haus zur Miete{geo_label},Haus mieten{geo_label}{count_label},
25912,Haus mit Terasse mieten{geo_label} | immowelt,Haus mit Terasse mieten{geo_label} | immowelt,Haus mit Terasse mieten{geo_label} | immowelt,Haus mit Terrasse mieten{geo_label},Häuser mit Terasse mieten{geo_label},Haus mit Terasse mieten{geo_label} leicht gemacht - bei immowelt findest du eine große Auswahl an aktuellen Angeboten. Jetzt loslegen!,Haus mit Terasse mieten{geo_label} leicht gemacht - bei immowelt findest du eine große Auswahl an aktuellen Angeboten. Jetzt loslegen!,Haus mit Terasse mieten{geo_label}{count_label},Haus mit Terasse zur Miete{geo_label},Haus mit Terasse mieten{geo_label}{count_label},
40218,Möbliertes Haus mieten{geo_label} | immowelt,Möbliertes Haus mieten{geo_label} | immowelt,Möbliertes Haus mieten{geo_label} | immowelt,Möbliertes Haus mieten{geo_label},Möblierte Häuser mieten{geo_label},Möbliertes Haus mieten{geo_label} leicht gemacht - bei immowelt findest du eine große Auswahl an aktuellen Angeboten. Jetzt loslegen!,Möbliertes Haus mieten{geo_label} leicht gemacht - bei immowelt findest du eine große Auswahl an aktuellen Angeboten. Jetzt loslegen!,Möbliertes Haus mieten{geo_label}{count_label},Möbliertes Haus zur Miete{geo_label},Möbliertes Haus mieten{geo_label}{count_label},
62384,Haus mit Garten mieten{geo_label} | immowelt,Haus mit Garten mieten{geo_label} | immowelt,Haus mit Garten mieten{geo_label} | immowelt,Haus mit Garten mieten{geo_label},Häuser mit Garten mieten{geo_label},Haus mit Garten mieten{geo_label} leicht gemacht - bei immowelt findest du eine große Auswahl an aktuellen Angeboten. Jetzt loslegen!,Haus mit Garten mieten{geo_label} leicht gemacht - bei immowelt findest du eine große Auswahl an aktuellen Angeboten. Jetzt loslegen!,Haus mit Garten mieten{geo_label}{count_label},Haus mit Garten zur Miete{geo_label},Haus mit Garten mieten{geo_label}{count_label},
77395,Haus mit Garage mieten{geo_label} | immowelt,Haus mit Garage mieten{geo_label} | immowelt,Haus mit Garage mieten{geo_label} | immowelt,Haus mit Garage mieten{geo_label},Häuser mit Garage mieten{geo_label},Haus mit Garage mieten{geo_label} leicht gemacht - bei immowelt findest du eine große Auswahl an aktuellen Angeboten. Jetzt loslegen!,Haus mit Garage mieten{geo_label} leicht gemacht - bei immowelt findest du eine große Auswahl an aktuellen Angeboten. Jetzt loslegen!,Haus mit Garage mieten{geo_label}{count_label},Haus mit Garage zur Miete{geo_label},Haus mit Garage mieten{geo_label}{count_label},
90273,Günstiges Haus mieten{geo_label} | immowelt,Günstiges Haus mieten{geo_label} | immowelt,Günstiges Haus mieten{geo_label} | immowelt,Günstiges Haus mieten{geo_label},Günstige Häuser mieten{geo_label},Günstiges Haus mieten{geo_label} leicht gemacht - bei immowelt findest du eine große Auswahl an aktuellen Angeboten. Jetzt loslegen!,Günstiges Haus mieten{geo_label} leicht gemacht - bei immowelt findest du eine große Auswahl an aktuellen Angeboten. Jetzt loslegen!,Günstiges Haus mieten{geo_label}{count_label},Günstiges Haus zur Miete{geo_label},Günstiges Haus mieten{geo_label}{count_label},
55202,Bungalow mieten{geo_label} | immowelt,Bungalow mieten{geo_label} | immowelt,Bungalow mieten{geo_label} | immowelt,Bungalow mieten{geo_label},Bungalows mieten{geo_label},Bungalow mieten{geo_label} leicht gemacht - bei immowelt findest du eine große Auswahl an aktuellen Angeboten. Jetzt loslegen!,Bungalow mieten{geo_label} leicht gemacht - bei immowelt findest du eine große Auswahl an aktuellen Angeboten. Jetzt loslegen!,Bungalow mieten{geo_label}{count_label},Bungalow zur Miete{geo_label},Bungalow mieten{geo_label}{count_label},
17144,Bauernhaus mieten{geo_label} | immowelt,Bauernhaus mieten{geo_label} | immowelt,Bauernhaus mieten{geo_label} | immowelt,Bauernhaus mieten{geo_label},Bauernhäuser mieten{geo_label},Bauernhaus mieten{geo_label} leicht gemacht - bei immowelt findest du eine große Auswahl an aktuellen Angeboten. Jetzt loslegen!,Bauernhaus mieten{geo_label} leicht gemacht - bei immowelt findest du eine große Auswahl an aktuellen Angeboten. Jetzt loslegen!,Bauernhaus mieten{geo_label}{count_label},Bauernhaus zur Miete{geo_label},Bauernhaus mieten{geo_label}{count_label},
85456,Mehrfamilienhaus mieten{geo_label} | immowelt,Mehrfamilienhaus mieten{geo_label} | immowelt,Mehrfamilienhaus mieten{geo_label} | immowelt,Mehrfamilienhaus mieten{geo_label},Mehrfamilienhäuser mieten{geo_label},Mehrfamilienhaus mieten{geo_label} leicht gemacht - bei immowelt findest du eine große Auswahl an aktuellen Angeboten. Jetzt loslegen!,Mehrfamilienhaus mieten{geo_label} leicht gemacht - bei immowelt findest du eine große Auswahl an aktuellen Angeboten. Jetzt loslegen!,Mehrfamilienhaus mieten{geo_label}{count_label},Mehrfamilienhaus zur Miete{geo_label},Mehrfamilienhaus mieten{geo_label}{count_label},
91700,Doppelhaushälfte mieten{geo_label} | immowelt,Doppelhaushälfte mieten{geo_label} | immowelt,Doppelhaushälfte mieten{geo_label} | immowelt,Doppelhaushälfte mieten{geo_label},Doppelhaushälften mieten{geo_label},Doppelhaushälfte mieten{geo_label} leicht gemacht - bei immowelt findest du eine große Auswahl an aktuellen Angeboten. Jetzt loslegen!,Doppelhaushälfte mieten{geo_label} leicht gemacht - bei immowelt findest du eine große Auswahl an aktuellen Angeboten. Jetzt loslegen!,Doppelhaushälfte mieten{geo_label}{count_label},Doppelhaushälfte zur Miete{geo_label},Doppelhaushälfte mieten{geo_label}{count_label},
96110,Einfamilienhaus mieten{geo_label} | immowelt,Einfamilienhaus mieten{geo_label} | immowelt,Einfamilienhaus mieten{geo_label} | immowelt,Einfamilienhaus mieten{geo_label},Einfamilienhäuser mieten{geo_label},Einfamilienhaus mieten{geo_label} leicht gemacht - bei immowelt findest du eine große Auswahl an aktuellen Angeboten. Jetzt loslegen!,Einfamilienhaus mieten{geo_label} leicht gemacht - bei immowelt findest du eine große Auswahl an aktuellen Angeboten. Jetzt loslegen!,Einfamilienhaus mieten{geo_label}{count_label},Einfamilienhaus zur Miete{geo_label},Einfamilienhaus mieten{geo_label}{count_label},
28647,Reihenhaus mieten{geo_label} | immowelt,Reihenhaus mieten{geo_label} | immowelt,Reihenhaus mieten{geo_label} | immowelt,Reihenhaus mieten{geo_label},Reihenhäuser mieten{geo_label},Reihenhaus mieten{geo_label} leicht gemacht - bei immowelt findest du eine große Auswahl an aktuellen Angeboten. Jetzt loslegen!,Reihenhaus mieten{geo_label} leicht gemacht - bei immowelt findest du eine große Auswahl an aktuellen Angeboten. Jetzt loslegen!,Reihenhaus mieten{geo_label}{count_label},Reihenhaus zur Miete{geo_label},Reihenhaus mieten{geo_label}{count_label},
51690,Stadthaus mieten{geo_label} | immowelt,Stadthaus mieten{geo_label} | immowelt,Stadthaus mieten{geo_label} | immowelt,Stadthaus mieten{geo_label},Stadthäuser mieten{geo_label},Stadthaus mieten{geo_label} leicht gemacht - bei immowelt findest du eine große Auswahl an aktuellen Angeboten. Jetzt loslegen!,Stadthaus mieten{geo_label} leicht gemacht - bei immowelt findest du eine große Auswahl an aktuellen Angeboten. Jetzt loslegen!,Stadthaus mieten{geo_label}{count_label},Stadthaus zur Miete{geo_label},Stadthaus mieten{geo_label}{count_label},
93685,Büro-Praxisfläche mieten{geo_label} | immowelt,Büro-Praxisfläche mieten{geo_label} | immowelt,Büro-Praxisfläche mieten{geo_label} | immowelt,Büro-/Praxisfläche mieten{geo_label},Büro-/Praxisflächen mieten{geo_label},Büro-Praxisfläche mieten{geo_label} leicht gemacht - bei immowelt findest du eine große Auswahl an aktuellen Angeboten. Jetzt loslegen!,Büro-Praxisfläche mieten{geo_label} leicht gemacht - bei immowelt findest du eine große Auswahl an aktuellen Angeboten. Jetzt loslegen!,Büro-Praxisfläche mieten{geo_label}{count_label},Büro-Praxisfläche zur Miete{geo_label},Büro-Praxisfläche mieten{geo_label}{count_label},
60487,Atelier mieten{geo_label} | immowelt,Atelier mieten{geo_label} | immowelt,Atelier mieten{geo_label} | immowelt,Atelier mieten{geo_label},Ateliers mieten{geo_label},Atelier mieten{geo_label} leicht gemacht - bei immowelt findest du eine große Auswahl an aktuellen Angeboten. Jetzt loslegen!,Atelier mieten{geo_label} leicht gemacht - bei immowelt findest du eine große Auswahl an aktuellen Angeboten. Jetzt loslegen!,Atelier mieten{geo_label}{count_label},Atelier zur Miete{geo_label},Atelier mieten{geo_label}{count_label},
77465,Co-Working mieten{geo_label} | immowelt,Co-Working mieten{geo_label} | immowelt,Co-Working mieten{geo_label} | immowelt,Gemeinschaftsbüros mieten{geo_label},Gemeinschaftsbüros mieten{geo_label},Coworking Space mieten{geo_label} leicht gemacht - bei immowelt findest du eine große Auswahl an aktuellen Angeboten. Jetzt loslegen!,Coworking Space mieten{geo_label} leicht gemacht - bei immowelt findest du eine große Auswahl an aktuellen Angeboten. Jetzt loslegen!,Gemeinschaftsbüros mieten{geo_label}{count_label},Coworking Space zur Miete{geo_label},Gemeinschaftsbüros mieten{geo_label}{count_label},
61078,Garage-Stellplatz mieten{geo_label} | immowelt,Garage-Stellplatz mieten{geo_label} | immowelt,Garage-Stellplatz mieten{geo_label} | immowelt,Garage/Stellplatz mieten{geo_label},Garagen-Stellplätze mieten{geo_label},Garage-Stellplatz mieten{geo_label} leicht gemacht - bei immowelt findest du eine große Auswahl an aktuellen Angeboten. Jetzt loslegen!,Garage-Stellplatz mieten{geo_label} leicht gemacht - bei immowelt findest du eine große Auswahl an aktuellen Angeboten. Jetzt loslegen!,Garage-Stellplatz mieten{geo_label}{count_label},Garage-Stellplatz zur Miete{geo_label},Garage-Stellplatz mieten{geo_label}{count_label},
99431,Stellplätze / Garagen von privat mieten{geo_label} | immowelt,Stellplätze / Garagen von privat mieten{geo_label} | immowelt,Stellplätze / Garagen von privat mieten{geo_label} | immowelt,Stellplatz / Garage von privat mieten{geo_label},Stellplätze / Garagen von privat mieten{geo_label},Stellplätze / Garagen von privat mieten{geo_label} leicht gemacht - bei immowelt findest du eine große Auswahl an aktuellen Angeboten. Jetzt loslegen!,Stellplätze / Garagen von privat mieten{geo_label} leicht gemacht - bei immowelt findest du eine große Auswahl an aktuellen Angeboten. Jetzt loslegen!,Stellplätze / Garagen von privat mieten{geo_label}{count_label},Stellplätze / Garagen von privat zur Miete{geo_label},Stellplätze / Garagen von privat mieten{geo_label}{count_label},
43649,Außenstellplatz mieten{geo_label} | immowelt,Außenstellplatz mieten{geo_label} | immowelt,Außenstellplatz mieten{geo_label} | immowelt,Außenstellplatz mieten{geo_label},Außenstellplätze mieten{geo_label},Außenstellplatz mieten{geo_label} leicht gemacht - bei immowelt findest du eine große Auswahl an aktuellen Angeboten. Jetzt loslegen!,Außenstellplatz mieten{geo_label} leicht gemacht - bei immowelt findest du eine große Auswahl an aktuellen Angeboten. Jetzt loslegen!,Außenstellplatz mieten{geo_label}{count_label},Außenstellplatz zur Miete{geo_label},Außenstellplatz mieten{geo_label}{count_label},
95381,Tiefgarage mieten{geo_label} | immowelt,Tiefgarage mieten{geo_label} | immowelt,Tiefgarage mieten{geo_label} | immowelt,Tiefgarage mieten{geo_label},Tiefgaragen mieten{geo_label},Tiefgarage mieten{geo_label} leicht gemacht - bei immowelt findest du eine große Auswahl an aktuellen Angeboten. Jetzt loslegen!,Tiefgarage mieten{geo_label} leicht gemacht - bei immowelt findest du eine große Auswahl an aktuellen Angeboten. Jetzt loslegen!,Tiefgarage mieten{geo_label}{count_label},Tiefgarage zur Miete{geo_label},Tiefgarage mieten{geo_label}{count_label},
81838,Grundstück mieten{geo_label} | immowelt,Grundstück mieten{geo_label} | immowelt,Grundstück mieten{geo_label} | immowelt,Grundstück mieten{geo_label},Grundstücke mieten{geo_label},Grundstück mieten{geo_label} leicht gemacht - bei immowelt findest du eine große Auswahl an aktuellen Angeboten. Jetzt loslegen!,Grundstück mieten{geo_label} leicht gemacht - bei immowelt findest du eine große Auswahl an aktuellen Angeboten. Jetzt loslegen!,Grundstück mieten{geo_label}{count_label},Grundstück zur Miete{geo_label},Grundstück mieten{geo_label}{count_label},
70302,Gewerbegrundstück mieten{geo_label} | immowelt,Gewerbegrundstück mieten{geo_label} | immowelt,Gewerbegrundstück mieten{geo_label} | immowelt,Gewerbegrundstück mieten{geo_label},Gewerbegrundstücke mieten{geo_label},Gewerbegrundstück mieten{geo_label} leicht gemacht - bei immowelt findest du eine große Auswahl an aktuellen Angeboten. Jetzt loslegen!,Gewerbegrundstück mieten{geo_label} leicht gemacht - bei immowelt findest du eine große Auswahl an aktuellen Angeboten. Jetzt loslegen!,Gewerbegrundstück mieten{geo_label}{count_label},Gewerbegrundstück zur Miete{geo_label},Gewerbegrundstück mieten{geo_label}{count_label},
54083,Halle-Industriefläche mieten{geo_label} | immowelt,Halle-Industriefläche mieten{geo_label} | immowelt,Halle-Industriefläche mieten{geo_label} | immowelt,Halle/Industriefläche mieten{geo_label},Hallen-Industrieflächen mieten{geo_label},Halle-Industriefläche mieten{geo_label} leicht gemacht - bei immowelt findest du eine große Auswahl an aktuellen Angeboten. Jetzt loslegen!,Halle-Industriefläche mieten{geo_label} leicht gemacht - bei immowelt findest du eine große Auswahl an aktuellen Angeboten. Jetzt loslegen!,Halle-Industriefläche mieten{geo_label}{count_label},Halle-Industriefläche zur Miete{geo_label},Halle-Industriefläche mieten{geo_label}{count_label},
84731,Werkstatt mieten{geo_label} | immowelt,Werkstatt mieten{geo_label} | immowelt,Werkstatt mieten{geo_label} | immowelt,Werkstatt mieten{geo_label},Werkstätten mieten{geo_label},Werkstatt mieten{geo_label} leicht gemacht - bei immowelt findest du eine große Auswahl an aktuellen Angeboten. Jetzt loslegen!,Werkstatt mieten{geo_label} leicht gemacht - bei immowelt findest du eine große Auswahl an aktuellen Angeboten. Jetzt loslegen!,Werkstatt mieten{geo_label}{count_label},Werkstatt zur Miete{geo_label},Werkstatt mieten{geo_label}{count_label},
69875,Halle mieten{geo_label} | immowelt,Halle mieten{geo_label} | immowelt,Halle mieten{geo_label} | immowelt,Halle mieten{geo_label},Hallen mieten{geo_label},Halle mieten{geo_label} leicht gemacht - bei immowelt findest du eine große Auswahl an aktuellen Angeboten. Jetzt loslegen!,Halle mieten{geo_label} leicht gemacht - bei immowelt findest du eine große Auswahl an aktuellen Angeboten. Jetzt loslegen!,Halle mieten{geo_label}{count_label},Halle zur Miete{geo_label},Halle mieten{geo_label}{count_label},
11249,Ladenfläche mieten{geo_label} | immowelt,Ladenfläche mieten{geo_label} | immowelt,Ladenfläche mieten{geo_label} | immowelt,Ladenfläche mieten{geo_label},Ladenflächen mieten{geo_label},Ladenfläche mieten{geo_label} leicht gemacht - bei immowelt findest du eine große Auswahl an aktuellen Angeboten. Jetzt loslegen!,Ladenfläche mieten{geo_label} leicht gemacht - bei immowelt findest du eine große Auswahl an aktuellen Angeboten. Jetzt loslegen!,Ladenfläche mieten{geo_label}{count_label},Ladenfläche zur Miete{geo_label},Ladenfläche mieten{geo_label}{count_label},
94332,Lager mieten{geo_label} | immowelt,Lager mieten{geo_label} | immowelt,Lager mieten{geo_label} | immowelt,Lager mieten{geo_label},Lager mieten{geo_label},Lager mieten{geo_label} leicht gemacht - bei immowelt findest du eine große Auswahl an aktuellen Angeboten. Jetzt loslegen!,Lager mieten{geo_label} leicht gemacht - bei immowelt findest du eine große Auswahl an aktuellen Angeboten. Jetzt loslegen!,Lager mieten{geo_label}{count_label},Lager zur Miete{geo_label},Lager mieten{geo_label}{count_label},