ContextId,WlUrlPath,ExampleUrl
47811,/recherche/achat/terrain-agricole,https://www.seloger.com/recherche/achat/terrain-agricole/malakoff-92240/ad08fr36618
98346,/recherche/achat/terrain-agricole/ferme-agricole,https://www.seloger.com/recherche/achat/terrain-agricole/ferme-agricole/malakoff-92240/ad08fr36618
76264,/recherche/achat/terrain-agricole/foret,https://www.seloger.com/recherche/achat/terrain-agricole/foret/malakoff-92240/ad08fr36618
88135,/recherche/achat/terrain-agricole/centre-equestre,https://www.seloger.com/recherche/achat/terrain-agricole/centre-equestre/malakoff-92240/ad08fr36618
78746,/recherche/achat/terrain-agricole/vignoble,https://www.seloger.com/recherche/achat/terrain-agricole/vignoble/malakoff-92240/ad08fr36618
90698,/recherche/achat/appartement,https://www.seloger.com/recherche/achat/appartement/malakoff-92240/ad08fr36618
30575,/recherche/achat/appartement/balcon-terrasse,https://www.seloger.com/recherche/achat/appartement/balcon-terrasse/malakoff-92240/ad08fr36618
15574,/recherche/achat/appartement/cave,https://www.seloger.com/recherche/achat/appartement/cave/malakoff-92240/ad08fr36618
20697,/recherche/achat/appartement/pas-cher,https://www.seloger.com/recherche/achat/appartement/pas-cher/malakoff-92240/ad08fr36618
77483,/recherche/achat/appartement/ascenseur,https://www.seloger.com/recherche/achat/appartement/ascenseur/malakoff-92240/ad08fr36618
63922,/recherche/achat/appartement/jardin,https://www.seloger.com/recherche/achat/appartement/jardin/malakoff-92240/ad08fr36618
76488,/recherche/achat/appartement/investissement,https://www.seloger.com/recherche/achat/appartement/investissement/malakoff-92240/ad08fr36618
26702,/recherche/achat/appartement/prestige,https://www.seloger.com/recherche/achat/appartement/prestige/malakoff-92240/ad08fr36618
88066,/recherche/achat/appartement/neuf,https://www.seloger.com/recherche/achat/appartement/neuf/malakoff-92240/ad08fr36618
70107,/recherche/achat/appartement/parking-garage,https://www.seloger.com/recherche/achat/appartement/parking-garage/malakoff-92240/ad08fr36618
54221,/recherche/achat/appartement/particulier,https://www.seloger.com/recherche/achat/appartement/particulier/malakoff-92240/ad08fr36618
91952,/recherche/achat/appartement/acces-handicape,https://www.seloger.com/recherche/achat/appartement/acces-handicape/malakoff-92240/ad08fr36618
56752,/recherche/achat/appartement/dernier-etage,https://www.seloger.com/recherche/achat/appartement/dernier-etage/malakoff-92240/ad08fr36618
98041,/recherche/achat/appartement/bord-de-mer,https://www.seloger.com/recherche/achat/appartement/bord-de-mer/malakoff-92240/ad08fr36618
11518,/recherche/achat/appartement/piscine,https://www.seloger.com/recherche/achat/appartement/piscine/malakoff-92240/ad08fr36618
83067,/recherche/achat/appartement/a-renover,https://www.seloger.com/recherche/achat/appartement/a-renover/malakoff-92240/ad08fr36618
28653,/recherche/achat/appartement/chambre-1,https://www.seloger.com/recherche/achat/appartement/chambre-1/malakoff-92240/ad08fr36618
93589,/recherche/achat/appartement/chambre-2,https://www.seloger.com/recherche/achat/appartement/chambre-2/malakoff-92240/ad08fr36618
28365,/recherche/achat/appartement/chambre-3,https://www.seloger.com/recherche/achat/appartement/chambre-3/malakoff-92240/ad08fr36618
24693,/recherche/achat/appartement/chambre-4,https://www.seloger.com/recherche/achat/appartement/chambre-4/malakoff-92240/ad08fr36618
15274,/recherche/achat/appartement/piece-1,https://www.seloger.com/recherche/achat/appartement/piece-1/malakoff-92240/ad08fr36618
72239,/recherche/achat/appartement/piece-1/balcon-terrasse,https://www.seloger.com/recherche/achat/appartement/piece-1/balcon-terrasse/malakoff-92240/ad08fr36618
14925,/recherche/achat/appartement/pas-cher/piece-1,https://www.seloger.com/recherche/achat/appartement/pas-cher/piece-1/malakoff-92240/ad08fr36618
38365,/recherche/achat/appartement/particulier/piece-1,https://www.seloger.com/recherche/achat/appartement/particulier/piece-1/malakoff-92240/ad08fr36618
42868,/recherche/achat/appartement/a-renover/piece-1,https://www.seloger.com/recherche/achat/appartement/a-renover/piece-1/malakoff-92240/ad08fr36618
64096,/recherche/achat/appartement/piece-2,https://www.seloger.com/recherche/achat/appartement/piece-2/malakoff-92240/ad08fr36618
18867,/recherche/achat/appartement/pas-cher/piece-2,https://www.seloger.com/recherche/achat/appartement/pas-cher/piece-2/malakoff-92240/ad08fr36618
46062,/recherche/achat/appartement/particulier/piece-2,https://www.seloger.com/recherche/achat/appartement/particulier/piece-2/malakoff-92240/ad08fr36618
22605,/recherche/achat/appartement/piece-3,https://www.seloger.com/recherche/achat/appartement/piece-3/malakoff-92240/ad08fr36618
51563,/recherche/achat/appartement/pas-cher/piece-3,https://www.seloger.com/recherche/achat/appartement/pas-cher/piece-3/malakoff-92240/ad08fr36618
38037,/recherche/achat/appartement/particulier/piece-3,https://www.seloger.com/recherche/achat/appartement/particulier/piece-3/malakoff-92240/ad08fr36618
83283,/recherche/achat/appartement/piece-4,https://www.seloger.com/recherche/achat/appartement/piece-4/malakoff-92240/ad08fr36618
58263,/recherche/achat/appartement/particulier/piece-4,https://www.seloger.com/recherche/achat/appartement/particulier/piece-4/malakoff-92240/ad08fr36618
91181,/recherche/achat/appartement/piece-5,https://www.seloger.com/recherche/achat/appartement/piece-5/malakoff-92240/ad08fr36618
19159,/recherche/achat/appartement/loft,https://www.seloger.com/recherche/achat/appartement/loft/malakoff-92240/ad08fr36618
81926,/recherche/achat/appartement/duplex,https://www.seloger.com/recherche/achat/appartement/duplex/malakoff-92240/ad08fr36618
84069,/recherche/achat/immeuble,https://www.seloger.com/recherche/achat/immeuble/malakoff-92240/ad08fr36618
84070,/recherche/achat/immeuble/a-renover,https://www.seloger.com/recherche/achat/immeuble/a-renover/malakoff-92240/ad08fr36618
76413,/recherche/achat/immobilier,https://www.seloger.com/recherche/achat/immobilier/malakoff-92240/ad08fr36618
79544,/recherche/achat/maisons-et-appartements/prestige,https://www.seloger.com/recherche/achat/maisons-et-appartements/prestige/malakoff-92240/ad08fr36618
85458,/recherche/achat/immobilier/particulier,https://www.seloger.com/recherche/achat/immobilier/particulier/malakoff-92240/ad08fr36618
29441,/recherche/achat/hotellerie-restauration,https://www.seloger.com/recherche/achat/hotellerie-restauration/malakoff-92240/ad08fr36618
20514,/recherche/achat/hotellerie-restauration/cafe-bar-pub,https://www.seloger.com/recherche/achat/hotellerie-restauration/cafe-bar-pub/malakoff-92240/ad08fr36618
16439,/recherche/achat/hotellerie-restauration/hotel,https://www.seloger.com/recherche/achat/hotellerie-restauration/hotel/malakoff-92240/ad08fr36618
10014,/recherche/achat/hotellerie-restauration/restaurant,https://www.seloger.com/recherche/achat/hotellerie-restauration/restaurant/malakoff-92240/ad08fr36618
20526,/recherche/achat/maison,https://www.seloger.com/recherche/achat/maison/malakoff-92240/ad08fr36618
32113,/recherche/achat/maison/balcon-terrasse,https://www.seloger.com/recherche/achat/maison/balcon-terrasse/malakoff-92240/ad08fr36618
47806,/recherche/achat/maison/cave,https://www.seloger.com/recherche/achat/maison/cave/malakoff-92240/ad08fr36618
17783,/recherche/achat/maison/pas-cher,https://www.seloger.com/recherche/achat/maison/pas-cher/malakoff-92240/ad08fr36618
41219,/recherche/achat/maison/jardin,https://www.seloger.com/recherche/achat/maison/jardin/malakoff-92240/ad08fr36618
81157,/recherche/achat/maison/prestige,https://www.seloger.com/recherche/achat/maison/prestige/malakoff-92240/ad08fr36618
38917,/recherche/achat/maison/neuf,https://www.seloger.com/recherche/achat/maison/neuf/malakoff-92240/ad08fr36618
95506,/recherche/achat/maison/parking-garage,https://www.seloger.com/recherche/achat/maison/parking-garage/malakoff-92240/ad08fr36618
46301,/recherche/achat/maison/particulier,https://www.seloger.com/recherche/achat/maison/particulier/malakoff-92240/ad08fr36618
64545,/recherche/achat/maison/bord-de-mer,https://www.seloger.com/recherche/achat/maison/bord-de-mer/malakoff-92240/ad08fr36618
17913,/recherche/achat/maison/piscine,https://www.seloger.com/recherche/achat/maison/piscine/malakoff-92240/ad08fr36618
38483,/recherche/achat/maison/a-renover,https://www.seloger.com/recherche/achat/maison/a-renover/malakoff-92240/ad08fr36618
37571,/recherche/achat/maison/chambre-1,https://www.seloger.com/recherche/achat/maison/chambre-1/malakoff-92240/ad08fr36618
98899,/recherche/achat/maison/chambre-2,https://www.seloger.com/recherche/achat/maison/chambre-2/malakoff-92240/ad08fr36618
71442,/recherche/achat/maison/chambre-3,https://www.seloger.com/recherche/achat/maison/chambre-3/malakoff-92240/ad08fr36618
86255,/recherche/achat/maison/chambre-4,https://www.seloger.com/recherche/achat/maison/chambre-4/malakoff-92240/ad08fr36618
83517,/recherche/achat/maison/piece-2,https://www.seloger.com/recherche/achat/maison/piece-2/malakoff-92240/ad08fr36618
58571,/recherche/achat/maison/particulier/piece-2,https://www.seloger.com/recherche/achat/maison/particulier/piece-2/malakoff-92240/ad08fr36618
35871,/recherche/achat/maison/piece-3,https://www.seloger.com/recherche/achat/maison/piece-3/malakoff-92240/ad08fr36618
25410,/recherche/achat/maison/particulier/piece-3,https://www.seloger.com/recherche/achat/maison/particulier/piece-3/malakoff-92240/ad08fr36618
46002,/recherche/achat/maison/piece-4,https://www.seloger.com/recherche/achat/maison/piece-4/malakoff-92240/ad08fr36618
94842,/recherche/achat/maison/particulier/piece-4,https://www.seloger.com/recherche/achat/maison/particulier/piece-4/malakoff-92240/ad08fr36618
16931,/recherche/achat/maison/piece-5,https://www.seloger.com/recherche/achat/maison/piece-5/malakoff-92240/ad08fr36618
24289,/recherche/achat/maison/plain-pied,https://www.seloger.com/recherche/achat/maison/plain-pied/malakoff-92240/ad08fr36618
58539,/recherche/achat/maison/chateau,https://www.seloger.com/recherche/achat/maison/chateau/malakoff-92240/ad08fr36618
91419,/recherche/achat/maison/chalet,https://www.seloger.com/recherche/achat/maison/chalet/malakoff-92240/ad08fr36618
78092,/recherche/achat/maison/chalet/pas-cher,https://www.seloger.com/recherche/achat/maison/chalet/pas-cher/malakoff-92240/ad08fr36618
59390,/recherche/achat/maison/ferme,https://www.seloger.com/recherche/achat/maison/ferme/malakoff-92240/ad08fr36618
17163,/recherche/achat/maison/construction,https://www.seloger.com/recherche/achat/maison/construction/malakoff-92240/ad08fr36618
26042,/recherche/achat/maison/ferme/pas-cher,https://www.seloger.com/recherche/achat/maison/ferme/pas-cher/malakoff-92240/ad08fr36618
21489,/recherche/achat/maison/hotel-particulier,https://www.seloger.com/recherche/achat/maison/hotel-particulier/malakoff-92240/ad08fr36618
12590,/recherche/achat/maison/maison-de-ville,https://www.seloger.com/recherche/achat/maison/maison-de-ville/malakoff-92240/ad08fr36618
93227,/recherche/achat/maison/villa,https://www.seloger.com/recherche/achat/maison/villa/malakoff-92240/ad08fr36618
31137,/recherche/achat/maisons-et-appartements/investissement,https://www.seloger.com/recherche/achat/maisons-et-appartements/investissement/malakoff-92240/ad08fr36618
18384,/recherche/achat/maisons-et-appartements/viager,https://www.seloger.com/recherche/achat/maisons-et-appartements/viager/malakoff-92240/ad08fr36618
32926,/recherche/achat/locaux-professionnels,https://www.seloger.com/recherche/achat/locaux-professionnels/malakoff-92240/ad08fr36618
42011,/recherche/achat/parking,https://www.seloger.com/recherche/achat/parking/malakoff-92240/ad08fr36618
17108,/recherche/achat/parking/pas-cher,https://www.seloger.com/recherche/achat/parking/pas-cher/malakoff-92240/ad08fr36618
44301,/recherche/achat/terrain,https://www.seloger.com/recherche/achat/terrain/malakoff-92240/ad08fr36618
10718,/recherche/achat/terrain/pas-cher,https://www.seloger.com/recherche/achat/terrain/pas-cher/malakoff-92240/ad08fr36618
47974,/recherche/achat/stockage,https://www.seloger.com/recherche/achat/stockage/malakoff-92240/ad08fr36618
71291,/recherche/achat/fonds-de-commerce/bien-boutique,https://www.seloger.com/recherche/achat/fonds-de-commerce/bien-boutique/malakoff-92240/ad08fr36618
81748,/recherche/achat/fonds-de-commerce/local-commercial,https://www.seloger.com/recherche/achat/fonds-de-commerce/local-commercial/malakoff-92240/ad08fr36618
71480,/recherche/achat/fonds-de-commerce,https://www.seloger.com/recherche/achat/fonds-de-commerce/malakoff-92240/ad08fr36618
22959,/recherche/la/immobilier,https://www.seloger.com/recherche/la/immobilier/malakoff-92240/ad08fr36618
25391,/recherche/location/appartement,https://www.seloger.com/recherche/location/appartement/malakoff-92240/ad08fr36618
26446,/recherche/location/appartement/balcon-terrasse,https://www.seloger.com/recherche/location/appartement/balcon-terrasse/malakoff-92240/ad08fr36618
18820,/recherche/location/appartement/cave,https://www.seloger.com/recherche/location/appartement/cave/malakoff-92240/ad08fr36618
60504,/recherche/location/appartement/pas-cher,https://www.seloger.com/recherche/location/appartement/pas-cher/malakoff-92240/ad08fr36618
41420,/recherche/location/appartement/ascenseur,https://www.seloger.com/recherche/location/appartement/ascenseur/malakoff-92240/ad08fr36618
91187,/recherche/location/appartement/meuble,https://www.seloger.com/recherche/location/appartement/meuble/malakoff-92240/ad08fr36618
35433,/recherche/location/appartement/jardin,https://www.seloger.com/recherche/location/appartement/jardin/malakoff-92240/ad08fr36618
53455,/recherche/location/appartement/parking-garage,https://www.seloger.com/recherche/location/appartement/parking-garage/malakoff-92240/ad08fr36618
63582,/recherche/location/appartement/particulier,https://www.seloger.com/recherche/location/appartement/particulier/malakoff-92240/ad08fr36618
30538,/recherche/location/appartement/acces-handicape,https://www.seloger.com/recherche/location/appartement/acces-handicape/malakoff-92240/ad08fr36618
14755,/recherche/location/appartement/dernier-etage,https://www.seloger.com/recherche/location/appartement/dernier-etage/malakoff-92240/ad08fr36618
34445,/recherche/location/logement-etudiant,https://www.seloger.com/recherche/location/logement-etudiant/malakoff-92240/ad08fr36618
84191,/recherche/location/appartement/piscine,https://www.seloger.com/recherche/location/appartement/piscine/malakoff-92240/ad08fr36618
21513,/recherche/location/appartement/piece-1,https://www.seloger.com/recherche/location/appartement/piece-1/malakoff-92240/ad08fr36618
81323,/recherche/location/appartement/pas-cher/piece-1,https://www.seloger.com/recherche/location/appartement/pas-cher/piece-1/malakoff-92240/ad08fr36618
78773,/recherche/location/appartement/piece-1/meuble,https://www.seloger.com/recherche/location/appartement/piece-1/meuble/malakoff-92240/ad08fr36618
74388,/recherche/location/appartement/particulier/piece-1,https://www.seloger.com/recherche/location/appartement/particulier/piece-1/malakoff-92240/ad08fr36618
17127,/recherche/location/appartement/piece-2,https://www.seloger.com/recherche/location/appartement/piece-2/malakoff-92240/ad08fr36618
79454,/recherche/location/appartement/particulier/piece-2,https://www.seloger.com/recherche/location/appartement/particulier/piece-2/malakoff-92240/ad08fr36618
18917,/recherche/location/appartement/piece-3,https://www.seloger.com/recherche/location/appartement/piece-3/malakoff-92240/ad08fr36618
36992,/recherche/location/appartement/particulier/piece-3,https://www.seloger.com/recherche/location/appartement/particulier/piece-3/malakoff-92240/ad08fr36618
47169,/recherche/location/appartement/piece-4,https://www.seloger.com/recherche/location/appartement/piece-4/malakoff-92240/ad08fr36618
73396,/recherche/location/appartement/particulier/piece-4,https://www.seloger.com/recherche/location/appartement/particulier/piece-4/malakoff-92240/ad08fr36618
41237,/recherche/location/appartement/piece-5,https://www.seloger.com/recherche/location/appartement/piece-5/malakoff-92240/ad08fr36618
67074,/recherche/location/appartement/loft,https://www.seloger.com/recherche/location/appartement/loft/malakoff-92240/ad08fr36618
12895,/recherche/location/appartement/duplex,https://www.seloger.com/recherche/location/appartement/duplex/malakoff-92240/ad08fr36618
15097,/recherche/location/appartement/penthouse,https://www.seloger.com/recherche/location/appartement/penthouse/malakoff-92240/ad08fr36618
98029,/recherche/location/immobilier,https://www.seloger.com/recherche/location/immobilier/malakoff-92240/ad08fr36618
87996,/recherche/location/immobilier/particulier,https://www.seloger.com/recherche/location/immobilier/particulier/malakoff-92240/ad08fr36618
19483,/recherche/location/hotellerie-restauration,https://www.seloger.com/recherche/location/hotellerie-restauration/malakoff-92240/ad08fr36618
43362,/recherche/location/hotellerie-restauration/cafe-bar-pub,https://www.seloger.com/recherche/location/hotellerie-restauration/cafe-bar-pub/malakoff-92240/ad08fr36618
81918,/recherche/location/hotellerie-restauration/hotel,https://www.seloger.com/recherche/location/hotellerie-restauration/hotel/malakoff-92240/ad08fr36618
83718,/recherche/location/hotellerie-restauration/restaurant,https://www.seloger.com/recherche/location/hotellerie-restauration/restaurant/malakoff-92240/ad08fr36618
71760,/recherche/location/maison,https://www.seloger.com/recherche/location/maison/malakoff-92240/ad08fr36618
22040,/recherche/location/maison/balcon-terrasse,https://www.seloger.com/recherche/location/maison/balcon-terrasse/malakoff-92240/ad08fr36618
52080,/recherche/location/maison/pas-cher,https://www.seloger.com/recherche/location/maison/pas-cher/malakoff-92240/ad08fr36618
20628,/recherche/location/maison/meuble,https://www.seloger.com/recherche/location/maison/meuble/malakoff-92240/ad08fr36618
24521,/recherche/location/maison/jardin,https://www.seloger.com/recherche/location/maison/jardin/malakoff-92240/ad08fr36618
11567,/recherche/location/maison/parking-garage,https://www.seloger.com/recherche/location/maison/parking-garage/malakoff-92240/ad08fr36618
89259,/recherche/location/maison/particulier,https://www.seloger.com/recherche/location/maison/particulier/malakoff-92240/ad08fr36618
83701,/recherche/location/maison/piscine,https://www.seloger.com/recherche/location/maison/piscine/malakoff-92240/ad08fr36618
44824,/recherche/location/maison/piece-2,https://www.seloger.com/recherche/location/maison/piece-2/malakoff-92240/ad08fr36618
73204,/recherche/location/maison/particulier/piece-2,https://www.seloger.com/recherche/location/maison/particulier/piece-2/malakoff-92240/ad08fr36618
90047,/recherche/location/maison/piece-3,https://www.seloger.com/recherche/location/maison/piece-3/malakoff-92240/ad08fr36618
53937,/recherche/location/maison/particulier/piece-3,https://www.seloger.com/recherche/location/maison/particulier/piece-3/malakoff-92240/ad08fr36618
94881,/recherche/location/maison/piece-4,https://www.seloger.com/recherche/location/maison/piece-4/malakoff-92240/ad08fr36618
69351,/recherche/location/maison/particulier/piece-4,https://www.seloger.com/recherche/location/maison/particulier/piece-4/malakoff-92240/ad08fr36618
15812,/recherche/location/maison/piece-5,https://www.seloger.com/recherche/location/maison/piece-5/malakoff-92240/ad08fr36618
61388,/recherche/location/maison/plain-pied,https://www.seloger.com/recherche/location/maison/plain-pied/malakoff-92240/ad08fr36618
43038,/recherche/location/maison/ferme,https://www.seloger.com/recherche/location/maison/ferme/malakoff-92240/ad08fr36618
18987,/recherche/location/maison/maison-de-ville,https://www.seloger.com/recherche/location/maison/maison-de-ville/malakoff-92240/ad08fr36618
29758,/recherche/location/maisons-et-appartements/colocation,https://www.seloger.com/recherche/location/maisons-et-appartements/colocation/malakoff-92240/ad08fr36618
79116,/recherche/location/locaux-professionnels,https://www.seloger.com/recherche/location/locaux-professionnels/malakoff-92240/ad08fr36618
51776,/recherche/location/parking,https://www.seloger.com/recherche/location/parking/malakoff-92240/ad08fr36618
16216,/recherche/location/parking/particulier,https://www.seloger.com/recherche/location/parking/particulier/malakoff-92240/ad08fr36618
51956,/recherche/location/terrain,https://www.seloger.com/recherche/location/terrain/malakoff-92240/ad08fr36618
16973,/recherche/location/stockage,https://www.seloger.com/recherche/location/stockage/malakoff-92240/ad08fr36618
41117,/recherche/location/fonds-de-commerce/bien-boutique,https://www.seloger.com/recherche/location/fonds-de-commerce/bien-boutique/malakoff-92240/ad08fr36618
86321,/recherche/location/fonds-de-commerce/local-commercial,https://www.seloger.com/recherche/location/fonds-de-commerce/local-commercial/malakoff-92240/ad08fr36618
